track_id,track_name,artists,genre,tempo,energy,valence,danceability
track_0,Song 0,Artist 40,Classical,65.9,0.31,0.86,0.02
track_1,Song 1,Artist 95,Metal,125.6,0.91,0.77,0.11
track_2,Song 2,Artist 51,Rock,144.8,0.67,0.48,0.65
track_3,Song 3,Artist 96,Classical,85.8,0.46,0.8,0.86
track_4,Song 4,Artist 10,Hip-Hop,126.1,0.5,0.84,0.91
track_5,Song 5,Artist 46,Hip-Hop,90.3,0.3,0.65,0.94
track_6,Song 6,Artist 36,EDM,131.4,0.82,0.78,0.13
track_7,Song 7,Artist 12,Pop,102.4,0.59,0.88,0.06
track_8,Song 8,Artist 32,Indie,80.5,0.25,0.35,0.22
track_9,Song 9,Artist 23,Metal,119.3,0.64,0.68,0.58
track_10,Song 10,Artist 16,EDM,125.5,0.84,0.7,0.11
track_11,Song 11,Artist 94,Pop,67.2,0.23,0.2,0.86
track_12,Song 12,Artist 39,Jazz,66.2,0.35,0.45,0.37
track_13,Song 13,Artist 70,Classical,70.4,0.41,0.7,0.87
track_14,Song 14,Artist 37,Indie,109.7,0.32,0.71,0.41
track_15,Song 15,Artist 88,Jazz,60.0,0.38,0.12,0.04
track_16,Song 16,Artist 39,Indie,98.9,0.33,0.75,0.01
track_17,Song 17,Artist 75,Hip-Hop,98.8,0.46,0.53,0.1
track_18,Song 18,Artist 73,Metal,84.8,0.73,0.96,0.94
track_19,Song 19,Artist 58,EDM,114.0,0.61,0.19,0.17
track_20,Song 20,Artist 3,Pop,119.2,0.87,0.2,0.07
track_21,Song 21,Artist 19,Metal,125.5,0.44,0.64,0.68
track_22,Song 22,Artist 7,EDM,81.0,0.63,0.2,0.63
track_23,Song 23,Artist 98,Metal,123.1,0.33,0.29,0.67
track_24,Song 24,Artist 55,Pop,80.9,0.5,0.11,0.44
track_25,Song 25,Artist 85,Rock,141.1,0.69,0.7,0.08
track_26,Song 26,Artist 33,Pop,104.7,0.72,0.95,0.84
track_27,Song 27,Artist 45,Classical,115.5,0.01,0.84,0.26
track_28,Song 28,Artist 12,Jazz,60.0,0.37,0.55,0.17
track_29,Song 29,Artist 87,Classical,60.0,0.42,0.38,0.34
track_30,Song 30,Artist 79,Jazz,71.4,0.18,0.75,0.5
track_31,Song 31,Artist 25,Metal,126.5,0.64,0.98,0.04
track_32,Song 32,Artist 64,Indie,60.0,0.35,0.3,0.31
track_33,Song 33,Artist 53,Rock,150.0,0.5,0.04,0.97
track_34,Song 34,Artist 55,Metal,151.4,0.98,0.36,0.4
track_35,Song 35,Artist 83,Classical,86.0,0.02,0.72,0.79
track_36,Song 36,Artist 34,Metal,113.7,0.94,0.65,0.06
track_37,Song 37,Artist 74,Classical,123.0,0.48,0.19,0.98
track_38,Song 38,Artist 1,Hip-Hop,156.2,0.53,0.11,0.3
track_39,Song 39,Artist 9,Metal,101.1,0.79,0.71,0.76
track_40,Song 40,Artist 27,Metal,119.2,0.77,0.72,0.71
track_41,Song 41,Artist 42,Rock,107.5,0.79,0.83,0.71
track_42,Song 42,Artist 57,Rock,101.9,0.5,0.67,0.68
track_43,Song 43,Artist 20,Jazz,68.5,0.43,0.72,0.66
track_44,Song 44,Artist 53,Classical,91.6,0.3,0.38,0.75
track_45,Song 45,Artist 16,Metal,90.0,0.57,0.36,0.73
track_46,Song 46,Artist 99,Jazz,60.0,0.46,0.72,0.59
track_47,Song 47,Artist 65,EDM,128.0,0.91,0.98,0.69
track_48,Song 48,Artist 47,Metal,84.9,0.95,0.44,0.28
track_49,Song 49,Artist 79,Pop,118.0,0.68,0.91,0.76
track_50,Song 50,Artist 66,Rock,86.1,0.68,0.07,0.12
track_51,Song 51,Artist 35,EDM,95.2,0.79,0.28,0.02
track_52,Song 52,Artist 11,EDM,113.0,1.0,0.8,0.71
track_53,Song 53,Artist 25,Classical,67.7,0.5,0.1,0.32
track_54,Song 54,Artist 25,Hip-Hop,72.3,0.81,0.88,0.01
track_55,Song 55,Artist 53,Rock,86.9,0.68,0.92,0.48
track_56,Song 56,Artist 80,EDM,114.4,0.7,0.34,0.36
track_57,Song 57,Artist 66,Rock,89.2,0.4,0.14,0.95
track_58,Song 58,Artist 43,Pop,116.3,0.35,0.16,0.85
track_59,Song 59,Artist 8,Rock,168.5,0.67,0.11,0.69
track_60,Song 60,Artist 80,Hip-Hop,83.4,0.32,0.68,0.49
track_61,Song 61,Artist 40,Jazz,77.0,0.4,0.08,0.38
track_62,Song 62,Artist 63,EDM,99.6,0.54,0.69,0.06
track_63,Song 63,Artist 83,Metal,118.9,0.7,0.96,0.11
track_64,Song 64,Artist 79,Indie,60.0,0.45,0.19,0.99
track_65,Song 65,Artist 33,EDM,124.7,0.75,0.76,0.65
track_66,Song 66,Artist 80,Classical,84.6,0.42,0.4,0.27
track_67,Song 67,Artist 5,Jazz,70.7,0.38,0.59,0.59
track_68,Song 68,Artist 96,Rock,113.0,0.88,0.73,0.4
track_69,Song 69,Artist 12,Metal,95.6,0.77,0.38,0.92
track_70,Song 70,Artist 86,Hip-Hop,116.4,0.31,0.35,0.3
track_71,Song 71,Artist 58,EDM,89.9,0.57,0.91,0.67
track_72,Song 72,Artist 64,Hip-Hop,90.0,0.37,0.81,0.79
track_73,Song 73,Artist 68,Classical,98.4,0.32,0.96,0.97
track_74,Song 74,Artist 81,Pop,95.3,0.58,0.8,0.16
track_75,Song 75,Artist 50,Pop,116.7,0.43,0.52,0.1
track_76,Song 76,Artist 7,Jazz,97.8,0.46,0.18,0.08
track_77,Song 77,Artist 79,Pop,86.0,0.53,0.62,0.06
track_78,Song 78,Artist 98,Jazz,93.6,0.51,0.69,0.15
track_79,Song 79,Artist 54,Indie,96.2,0.41,0.43,0.98
track_80,Song 80,Artist 27,Jazz,78.0,0.4,0.93,0.38
track_81,Song 81,Artist 97,Classical,60.0,0.09,0.5,0.09
track_82,Song 82,Artist 84,Rock,115.6,0.54,0.59,0.73
track_83,Song 83,Artist 51,Hip-Hop,110.4,0.38,0.32,0.11
track_84,Song 84,Artist 28,Indie,84.3,0.32,0.79,0.76
track_85,Song 85,Artist 40,Rock,97.0,0.66,0.28,0.15
track_86,Song 86,Artist 27,Metal,72.9,0.5,0.95,0.11
track_87,Song 87,Artist 75,Rock,100.6,1.0,0.55,0.89
track_88,Song 88,Artist 24,Jazz,73.0,0.11,0.38,0.79
track_89,Song 89,Artist 73,Hip-Hop,130.9,0.38,0.02,0.71
track_90,Song 90,Artist 32,Jazz,112.0,0.53,0.3,0.53
track_91,Song 91,Artist 7,Pop,102.1,0.34,0.57,0.52
track_92,Song 92,Artist 23,Jazz,68.2,0.62,0.77,0.34
track_93,Song 93,Artist 72,EDM,107.9,0.78,0.56,0.54
track_94,Song 94,Artist 35,Classical,61.8,0.44,0.49,0.87
track_95,Song 95,Artist 41,Classical,60.0,0.19,0.88,0.5
track_96,Song 96,Artist 79,Rock,146.4,0.46,0.66,0.93
track_97,Song 97,Artist 84,EDM,126.9,0.67,0.13,0.26
track_98,Song 98,Artist 28,Metal,109.1,0.53,0.27,0.93
track_99,Song 99,Artist 37,EDM,136.2,0.94,0.53,0.22
track_100,Song 100,Artist 23,Rock,105.3,0.56,0.22,0.31
track_101,Song 101,Artist 17,Pop,81.2,0.67,0.21,0.21
track_102,Song 102,Artist 19,Classical,92.8,0.19,0.88,0.12
track_103,Song 103,Artist 3,Indie,98.9,0.61,1.0,0.87
track_104,Song 104,Artist 46,Classical,128.3,0.44,0.35,0.34
track_105,Song 105,Artist 54,Jazz,60.0,0.6,0.08,0.12
track_106,Song 106,Artist 73,Pop,113.1,0.64,0.41,0.9
track_107,Song 107,Artist 58,Indie,79.0,0.21,0.03,0.87
track_108,Song 108,Artist 49,Jazz,86.8,0.26,0.73,0.23
track_109,Song 109,Artist 7,Pop,83.7,0.42,0.12,0.74
track_110,Song 110,Artist 23,Hip-Hop,117.6,0.7,0.29,0.08
track_111,Song 111,Artist 10,Classical,60.0,0.37,0.37,0.36
track_112,Song 112,Artist 3,Jazz,74.7,0.46,0.06,0.14
track_113,Song 113,Artist 19,Pop,127.0,0.51,0.47,0.16
track_114,Song 114,Artist 32,Jazz,94.0,0.66,0.95,0.54
track_115,Song 115,Artist 7,Jazz,98.3,0.55,0.87,0.57
track_116,Song 116,Artist 91,Classical,60.0,0.27,0.76,0.43
track_117,Song 117,Artist 31,Hip-Hop,109.9,0.33,0.76,0.52
track_118,Song 118,Artist 42,Metal,134.2,0.85,0.7,0.09
track_119,Song 119,Artist 46,Pop,117.0,0.59,0.56,0.74
track_120,Song 120,Artist 2,Metal,114.8,0.66,0.78,0.03
track_121,Song 121,Artist 70,Rock,110.8,0.84,0.34,0.06
track_122,Song 122,Artist 80,Metal,94.9,0.74,0.65,0.73
track_123,Song 123,Artist 60,Indie,86.9,0.2,0.75,0.78
track_124,Song 124,Artist 11,Hip-Hop,97.4,0.31,0.02,0.01
track_125,Song 125,Artist 93,Hip-Hop,106.3,0.31,0.54,0.8
track_126,Song 126,Artist 40,Pop,96.0,0.48,0.65,0.79
track_127,Song 127,Artist 66,Metal,125.2,0.72,0.8,0.95
track_128,Song 128,Artist 7,Jazz,117.1,0.33,0.18,0.71
track_129,Song 129,Artist 86,Hip-Hop,94.2,0.4,0.05,0.26
track_130,Song 130,Artist 12,Metal,143.8,0.74,0.45,0.37
track_131,Song 131,Artist 13,Classical,86.8,0.24,0.66,0.11
track_132,Song 132,Artist 7,Hip-Hop,61.2,0.5,0.82,0.1
track_133,Song 133,Artist 88,Classical,85.2,0.35,0.06,0.98
track_134,Song 134,Artist 52,Rock,102.7,0.45,0.8,0.21
track_135,Song 135,Artist 86,EDM,144.3,0.33,0.65,0.62
track_136,Song 136,Artist 88,EDM,140.7,0.62,0.63,0.63
track_137,Song 137,Artist 98,Pop,108.2,0.28,0.85,0.19
track_138,Song 138,Artist 57,Jazz,80.5,0.33,0.04,0.05
track_139,Song 139,Artist 75,Pop,67.2,0.66,0.27,0.15
track_140,Song 140,Artist 41,Classical,91.5,0.29,0.66,0.7
track_141,Song 141,Artist 93,Metal,117.1,0.75,0.99,0.41
track_142,Song 142,Artist 24,Rock,140.9,0.83,0.26,0.24
track_143,Song 143,Artist 40,Classical,60.0,0.36,0.49,0.66
track_144,Song 144,Artist 93,Rock,109.8,0.67,0.38,0.06
track_145,Song 145,Artist 43,Pop,115.4,0.47,0.08,0.6
track_146,Song 146,Artist 11,Indie,64.8,0.5,0.98,0.84
track_147,Song 147,Artist 71,Hip-Hop,111.7,0.42,0.22,0.0
track_148,Song 148,Artist 47,Rock,114.9,0.67,0.29,0.46
track_149,Song 149,Artist 73,Rock,138.7,0.68,0.4,0.73
track_150,Song 150,Artist 50,Rock,138.1,0.64,0.06,0.37
track_151,Song 151,Artist 56,Hip-Hop,124.9,0.49,0.72,0.93
track_152,Song 152,Artist 23,Jazz,66.9,0.35,0.71,0.43
track_153,Song 153,Artist 64,Rock,115.0,0.79,0.1,0.42
track_154,Song 154,Artist 72,Pop,73.0,0.54,0.36,0.82
track_155,Song 155,Artist 80,Metal,153.2,0.63,0.62,0.96
track_156,Song 156,Artist 70,Metal,100.6,0.46,0.65,0.71
track_157,Song 157,Artist 38,Jazz,60.0,0.37,0.27,0.99
track_158,Song 158,Artist 3,Jazz,94.9,0.43,0.55,0.7
track_159,Song 159,Artist 79,Pop,77.9,0.51,0.61,0.13
track_160,Song 160,Artist 8,EDM,98.6,0.76,0.23,0.38
track_161,Song 161,Artist 98,Rock,127.9,0.74,0.25,0.68
track_162,Song 162,Artist 87,Rock,144.8,0.69,0.41,0.34
track_163,Song 163,Artist 36,Pop,109.5,0.38,0.34,0.24
track_164,Song 164,Artist 73,Hip-Hop,108.0,0.69,0.61,0.32
track_165,Song 165,Artist 63,Hip-Hop,104.4,0.54,0.74,0.87
track_166,Song 166,Artist 91,Rock,119.4,0.81,0.58,0.89
track_167,Song 167,Artist 86,EDM,114.9,0.61,0.95,0.33
track_168,Song 168,Artist 71,EDM,108.7,0.77,0.89,0.57
track_169,Song 169,Artist 31,Indie,75.0,0.37,0.55,0.65
track_170,Song 170,Artist 68,Hip-Hop,125.1,0.71,0.51,0.98
track_171,Song 171,Artist 24,Metal,155.0,0.7,0.19,0.52
track_172,Song 172,Artist 91,Rock,124.5,0.47,0.79,0.08
track_173,Song 173,Artist 71,Metal,121.3,0.79,0.26,0.52
track_174,Song 174,Artist 61,EDM,115.2,0.51,0.93,0.49
track_175,Song 175,Artist 49,Hip-Hop,87.8,0.72,0.74,0.99
track_176,Song 176,Artist 1,Classical,94.1,0.54,0.11,0.85
track_177,Song 177,Artist 94,Jazz,95.1,0.02,0.04,0.39
track_178,Song 178,Artist 98,Jazz,60.0,0.45,0.2,0.07
track_179,Song 179,Artist 61,Pop,121.4,0.64,0.17,0.28
track_180,Song 180,Artist 43,Indie,60.0,0.49,0.35,0.13
track_181,Song 181,Artist 45,Metal,133.7,0.6,0.35,0.4
track_182,Song 182,Artist 96,Indie,84.7,0.55,0.63,0.38
track_183,Song 183,Artist 90,EDM,115.3,0.87,0.94,0.4
track_184,Song 184,Artist 97,Hip-Hop,78.3,0.45,0.27,0.17
track_185,Song 185,Artist 42,Indie,98.8,0.41,0.79,0.36
track_186,Song 186,Artist 60,Jazz,66.4,0.27,0.76,0.34
track_187,Song 187,Artist 14,Pop,60.0,0.44,0.24,0.26
track_188,Song 188,Artist 48,Indie,118.2,0.38,0.31,0.03
track_189,Song 189,Artist 100,Metal,85.0,0.83,0.36,0.83
track_190,Song 190,Artist 6,Rock,97.3,0.72,0.4,0.86
track_191,Song 191,Artist 42,Pop,113.2,0.71,0.23,0.35
track_192,Song 192,Artist 9,Pop,74.0,0.72,0.99,0.82
track_193,Song 193,Artist 72,Classical,96.1,0.2,0.98,0.25
track_194,Song 194,Artist 36,Jazz,64.3,0.32,0.84,0.64
track_195,Song 195,Artist 28,Classical,69.4,0.18,0.57,0.69
track_196,Song 196,Artist 6,Metal,151.1,0.78,0.75,0.45
track_197,Song 197,Artist 18,Indie,61.6,0.33,0.59,0.23
track_198,Song 198,Artist 41,EDM,123.3,0.99,0.29,0.2
track_199,Song 199,Artist 49,EDM,134.1,0.69,0.82,0.1
track_200,Song 200,Artist 51,Jazz,113.2,0.37,0.27,0.57
track_201,Song 201,Artist 22,Hip-Hop,114.0,0.55,0.77,0.56
track_202,Song 202,Artist 60,Pop,77.4,0.72,0.26,0.53
track_203,Song 203,Artist 99,Hip-Hop,97.7,0.46,0.72,0.88
track_204,Song 204,Artist 38,Hip-Hop,112.0,0.57,0.81,0.67
track_205,Song 205,Artist 8,Jazz,92.7,0.31,0.62,0.94
track_206,Song 206,Artist 24,Rock,121.2,0.55,0.55,0.54
track_207,Song 207,Artist 40,Indie,92.3,0.52,0.13,0.13
track_208,Song 208,Artist 59,Jazz,82.8,0.12,0.7,0.71
track_209,Song 209,Artist 21,Hip-Hop,119.5,0.63,0.23,0.52
track_210,Song 210,Artist 22,Indie,122.1,0.64,0.53,0.53
track_211,Song 211,Artist 94,EDM,107.5,0.67,0.45,0.3
track_212,Song 212,Artist 58,Classical,89.1,0.32,0.22,0.39
track_213,Song 213,Artist 51,Indie,126.4,0.45,0.09,0.73
track_214,Song 214,Artist 10,Hip-Hop,113.0,0.53,0.38,0.29
track_215,Song 215,Artist 19,Hip-Hop,80.6,0.42,0.91,0.9
track_216,Song 216,Artist 17,Classical,78.8,0.05,0.6,0.1
track_217,Song 217,Artist 97,Rock,122.4,0.86,0.1,0.5
track_218,Song 218,Artist 9,EDM,110.4,0.93,0.92,0.16
track_219,Song 219,Artist 20,Metal,95.2,0.64,0.56,0.09
track_220,Song 220,Artist 86,Indie,74.9,0.21,0.08,0.19
track_221,Song 221,Artist 49,Rock,115.9,0.98,0.78,0.68
track_222,Song 222,Artist 73,Rock,125.4,0.98,0.64,0.15
track_223,Song 223,Artist 45,Pop,101.4,0.35,0.65,0.01
track_224,Song 224,Artist 32,Hip-Hop,91.9,0.56,0.77,0.62
track_225,Song 225,Artist 81,EDM,98.4,0.64,0.62,0.65
track_226,Song 226,Artist 90,Hip-Hop,117.4,0.57,0.23,0.3
track_227,Song 227,Artist 100,Hip-Hop,145.1,0.53,0.07,0.36
track_228,Song 228,Artist 46,EDM,106.9,0.87,0.19,0.14
track_229,Song 229,Artist 65,Jazz,89.7,0.23,0.69,0.05
track_230,Song 230,Artist 51,Metal,133.5,0.95,0.25,0.98
track_231,Song 231,Artist 99,Indie,65.4,0.45,0.36,0.05
track_232,Song 232,Artist 28,EDM,104.9,0.95,0.98,0.76
track_233,Song 233,Artist 41,Indie,76.7,0.13,0.29,0.13
track_234,Song 234,Artist 91,Hip-Hop,126.4,0.68,0.95,0.9
track_235,Song 235,Artist 67,Classical,93.1,0.49,0.49,0.36
track_236,Song 236,Artist 5,Hip-Hop,98.9,0.37,0.35,0.8
track_237,Song 237,Artist 32,Jazz,90.9,0.29,0.36,0.54
track_238,Song 238,Artist 84,Rock,129.9,0.57,0.6,0.01
track_239,Song 239,Artist 32,Rock,90.0,0.61,0.13,0.02
track_240,Song 240,Artist 2,Classical,117.3,0.25,0.98,0.73
track_241,Song 241,Artist 15,Pop,78.2,0.57,0.15,0.92
track_242,Song 242,Artist 40,Metal,146.5,0.91,0.51,0.86
track_243,Song 243,Artist 3,Classical,62.3,0.16,0.04,0.49
track_244,Song 244,Artist 10,Jazz,104.0,0.51,0.6,0.78
track_245,Song 245,Artist 27,Indie,118.8,0.37,0.09,0.38
track_246,Song 246,Artist 63,Rock,126.4,0.84,0.7,0.04
track_247,Song 247,Artist 45,EDM,93.7,0.5,0.58,0.13
track_248,Song 248,Artist 25,Classical,93.5,0.19,0.97,0.46
track_249,Song 249,Artist 33,EDM,153.1,0.81,0.41,0.61
track_250,Song 250,Artist 35,Hip-Hop,117.5,0.85,0.05,0.46
track_251,Song 251,Artist 73,Pop,97.5,0.35,0.63,0.56
track_252,Song 252,Artist 15,Hip-Hop,105.4,0.58,0.11,0.17
track_253,Song 253,Artist 72,Metal,165.1,0.92,0.88,0.5
track_254,Song 254,Artist 28,Hip-Hop,128.1,0.67,0.91,0.89
track_255,Song 255,Artist 18,Indie,60.0,0.27,0.04,0.93
track_256,Song 256,Artist 39,Pop,93.0,0.32,0.03,0.56
track_257,Song 257,Artist 80,Metal,110.3,0.61,0.35,0.92
track_258,Song 258,Artist 60,Metal,92.0,0.68,0.1,1.0
track_259,Song 259,Artist 64,EDM,118.6,0.56,0.95,0.25
track_260,Song 260,Artist 25,Rock,89.8,0.65,0.13,0.71
track_261,Song 261,Artist 59,Hip-Hop,60.0,0.39,0.71,0.52
track_262,Song 262,Artist 85,Classical,83.2,0.65,0.84,0.49
track_263,Song 263,Artist 1,Metal,106.2,0.76,0.98,0.39
track_264,Song 264,Artist 94,Indie,72.9,0.52,0.48,0.53
track_265,Song 265,Artist 39,Rock,142.2,0.9,0.07,0.62
track_266,Song 266,Artist 76,Hip-Hop,112.3,0.57,0.84,0.44
track_267,Song 267,Artist 3,Metal,129.3,0.9,0.14,0.87
track_268,Song 268,Artist 100,Metal,91.4,0.73,0.97,0.93
track_269,Song 269,Artist 6,Jazz,102.7,0.08,0.87,0.15
track_270,Song 270,Artist 25,Indie,101.3,0.15,0.78,0.05
track_271,Song 271,Artist 15,Metal,122.9,0.62,0.05,0.46
track_272,Song 272,Artist 56,Rock,87.2,0.93,0.8,0.19
track_273,Song 273,Artist 29,Jazz,62.2,0.22,0.68,0.29
track_274,Song 274,Artist 58,Pop,79.7,0.25,0.12,0.62
track_275,Song 275,Artist 69,Pop,70.5,0.63,0.39,0.59
track_276,Song 276,Artist 67,Rock,119.6,0.6,0.87,0.85
track_277,Song 277,Artist 42,Indie,90.6,0.44,0.83,0.81
track_278,Song 278,Artist 62,Rock,106.8,0.71,0.96,0.76
track_279,Song 279,Artist 60,Classical,103.9,0.17,0.13,0.24
track_280,Song 280,Artist 22,Metal,120.9,0.49,0.67,0.23
track_281,Song 281,Artist 34,Rock,122.2,0.42,0.21,0.9
track_282,Song 282,Artist 86,Indie,80.2,0.43,0.82,0.89
track_283,Song 283,Artist 56,Indie,60.0,0.35,0.34,0.24
track_284,Song 284,Artist 18,Pop,97.3,0.39,0.09,0.45
track_285,Song 285,Artist 67,Hip-Hop,89.6,0.32,0.25,0.77
track_286,Song 286,Artist 1,Hip-Hop,81.2,0.72,0.06,0.6
track_287,Song 287,Artist 28,Classical,95.4,0.28,0.32,0.79
track_288,Song 288,Artist 38,Classical,79.5,0.31,0.37,0.58
track_289,Song 289,Artist 48,EDM,105.5,0.67,0.31,1.0
track_290,Song 290,Artist 57,Metal,146.6,0.92,0.58,0.2
track_291,Song 291,Artist 28,Pop,60.0,0.59,0.18,0.25
track_292,Song 292,Artist 39,EDM,99.8,0.81,0.86,0.61
track_293,Song 293,Artist 39,Pop,93.3,0.27,0.93,0.59
track_294,Song 294,Artist 96,Metal,120.1,0.79,0.37,0.97
track_295,Song 295,Artist 31,Metal,107.7,0.77,0.07,0.98
track_296,Song 296,Artist 59,Jazz,62.9,0.36,0.81,0.57
track_297,Song 297,Artist 55,EDM,137.4,0.81,0.47,0.32
track_298,Song 298,Artist 86,Classical,74.7,0.42,0.98,0.65
track_299,Song 299,Artist 83,Indie,107.7,0.11,0.83,0.25
track_300,Song 300,Artist 58,Metal,152.4,0.6,0.76,0.28
track_301,Song 301,Artist 38,Rock,113.1,0.72,0.46,0.81
track_302,Song 302,Artist 93,Metal,129.6,0.57,0.21,0.87
track_303,Song 303,Artist 86,Jazz,88.2,0.54,0.83,0.54
track_304,Song 304,Artist 5,Metal,113.9,0.67,0.17,0.06
track_305,Song 305,Artist 38,Metal,116.6,0.47,0.59,0.09
track_306,Song 306,Artist 48,Pop,78.4,0.37,0.93,0.88
track_307,Song 307,Artist 27,Rock,121.3,1.0,0.07,0.24
track_308,Song 308,Artist 46,Jazz,85.1,0.4,0.81,0.85
track_309,Song 309,Artist 16,Classical,82.2,0.4,0.09,0.65
track_310,Song 310,Artist 19,Jazz,87.6,0.37,0.31,0.27
track_311,Song 311,Artist 9,Classical,78.9,0.21,0.69,0.41
track_312,Song 312,Artist 52,Pop,72.8,0.4,0.05,0.96
track_313,Song 313,Artist 50,Jazz,62.4,0.15,0.41,0.39
track_314,Song 314,Artist 3,Hip-Hop,93.4,0.62,0.5,0.65
track_315,Song 315,Artist 8,Metal,139.1,0.61,0.44,0.01
track_316,Song 316,Artist 90,Metal,77.7,0.72,0.45,0.05
track_317,Song 317,Artist 44,Classical,60.0,0.18,0.88,0.91
track_318,Song 318,Artist 6,Hip-Hop,112.9,0.67,0.66,0.27
track_319,Song 319,Artist 68,Indie,85.5,0.32,0.28,0.75
track_320,Song 320,Artist 99,Indie,63.3,0.34,0.06,0.48
track_321,Song 321,Artist 75,Rock,168.6,0.52,0.92,0.12
track_322,Song 322,Artist 52,Hip-Hop,93.7,0.59,0.18,0.85
track_323,Song 323,Artist 85,Jazz,89.2,0.26,0.32,0.73
track_324,Song 324,Artist 35,Classical,60.0,0.13,0.5,0.13
track_325,Song 325,Artist 75,Rock,119.5,0.99,0.04,0.01
track_326,Song 326,Artist 55,Rock,94.0,0.57,0.3,0.89
track_327,Song 327,Artist 97,Hip-Hop,109.5,0.45,0.24,0.36
track_328,Song 328,Artist 33,EDM,122.5,0.72,0.68,0.33
track_329,Song 329,Artist 28,EDM,109.9,0.42,0.9,0.23
track_330,Song 330,Artist 83,EDM,96.6,0.7,0.24,0.08
track_331,Song 331,Artist 49,Hip-Hop,118.4,0.32,0.58,0.95
track_332,Song 332,Artist 92,Hip-Hop,99.8,0.36,0.05,0.11
track_333,Song 333,Artist 17,Rock,158.0,0.73,0.65,0.6
track_334,Song 334,Artist 37,Pop,88.7,0.29,0.25,0.25
track_335,Song 335,Artist 11,Classical,102.2,0.28,0.92,0.89
track_336,Song 336,Artist 62,Indie,72.6,0.34,0.75,0.04
track_337,Song 337,Artist 9,EDM,142.2,0.91,0.89,0.61
track_338,Song 338,Artist 2,Indie,93.9,0.28,0.77,0.56
track_339,Song 339,Artist 12,Indie,71.4,0.27,0.68,0.53
track_340,Song 340,Artist 68,Hip-Hop,113.6,0.56,0.3,0.94
track_341,Song 341,Artist 74,EDM,107.8,0.76,0.66,0.02
track_342,Song 342,Artist 26,Indie,72.2,0.22,0.27,0.47
track_343,Song 343,Artist 92,Pop,106.7,0.41,0.44,0.65
track_344,Song 344,Artist 1,Jazz,85.5,0.13,0.84,0.66
track_345,Song 345,Artist 84,Classical,92.0,0.29,0.11,0.61
track_346,Song 346,Artist 10,Indie,78.5,0.54,0.25,0.51
track_347,Song 347,Artist 77,EDM,105.4,0.62,0.41,0.29
track_348,Song 348,Artist 16,Jazz,71.5,0.28,0.88,0.36
track_349,Song 349,Artist 88,EDM,118.5,0.73,0.65,0.13
track_350,Song 350,Artist 100,Classical,108.2,0.2,0.08,0.96
track_351,Song 351,Artist 67,EDM,67.3,0.64,0.23,0.89
track_352,Song 352,Artist 31,Pop,114.6,0.61,0.54,0.74
track_353,Song 353,Artist 86,Hip-Hop,112.0,0.67,0.65,0.41
track_354,Song 354,Artist 59,Classical,70.3,0.28,0.61,0.61
track_355,Song 355,Artist 35,Rock,104.0,0.78,0.15,0.51
track_356,Song 356,Artist 13,Classical,60.6,0.37,0.29,0.41
track_357,Song 357,Artist 64,Jazz,91.8,0.37,0.35,0.06
track_358,Song 358,Artist 71,Metal,90.9,0.63,0.36,0.75
track_359,Song 359,Artist 77,Jazz,82.7,0.12,0.12,0.58
track_360,Song 360,Artist 3,Hip-Hop,87.9,0.58,0.68,0.08
track_361,Song 361,Artist 10,Indie,60.0,0.62,0.3,0.46
track_362,Song 362,Artist 12,Jazz,70.9,0.67,0.17,0.08
track_363,Song 363,Artist 84,Classical,87.2,0.31,0.57,0.45
track_364,Song 364,Artist 85,Rock,126.2,0.83,0.35,0.05
track_365,Song 365,Artist 39,EDM,120.0,0.98,0.52,0.66
track_366,Song 366,Artist 25,Pop,98.7,0.61,0.85,0.95
track_367,Song 367,Artist 74,Rock,112.5,0.55,0.82,0.84
track_368,Song 368,Artist 21,Metal,120.5,0.79,0.75,0.54
track_369,Song 369,Artist 38,Rock,142.6,0.91,0.68,0.37
track_370,Song 370,Artist 44,EDM,137.2,0.7,0.55,0.57
track_371,Song 371,Artist 83,Metal,110.0,0.75,0.8,0.12
track_372,Song 372,Artist 73,Classical,83.0,0.35,0.01,0.18
track_373,Song 373,Artist 59,Classical,91.6,0.29,0.47,0.22
track_374,Song 374,Artist 52,Indie,60.0,0.41,0.93,0.21
track_375,Song 375,Artist 39,Jazz,60.0,0.34,0.9,0.81
track_376,Song 376,Artist 70,Rock,117.4,0.7,0.85,0.41
track_377,Song 377,Artist 26,Indie,109.9,0.22,0.59,0.31
track_378,Song 378,Artist 3,Indie,92.7,0.41,0.36,0.42
track_379,Song 379,Artist 13,Indie,66.5,0.24,0.06,0.23
track_380,Song 380,Artist 73,Classical,121.9,0.45,0.06,0.68
track_381,Song 381,Artist 64,Indie,60.0,0.29,0.04,0.09
track_382,Song 382,Artist 48,Classical,101.8,0.5,0.8,0.57
track_383,Song 383,Artist 27,Indie,83.0,0.44,0.9,0.11
track_384,Song 384,Artist 76,Jazz,108.8,0.07,0.29,0.81
track_385,Song 385,Artist 36,Jazz,75.5,0.2,0.45,0.19
track_386,Song 386,Artist 7,Pop,107.5,0.54,0.85,0.67
track_387,Song 387,Artist 94,Jazz,76.3,0.36,0.15,0.49
track_388,Song 388,Artist 75,Metal,128.0,0.73,0.37,0.84
track_389,Song 389,Artist 79,Pop,84.6,0.52,0.5,0.99
track_390,Song 390,Artist 74,Indie,72.0,0.21,0.38,0.84
track_391,Song 391,Artist 12,EDM,115.3,0.52,0.36,0.72
track_392,Song 392,Artist 73,Classical,60.0,0.12,0.46,0.15
track_393,Song 393,Artist 97,Rock,70.9,0.58,0.63,0.72
track_394,Song 394,Artist 57,Metal,147.7,0.73,0.66,0.99
track_395,Song 395,Artist 57,Hip-Hop,109.1,0.56,0.04,0.07
track_396,Song 396,Artist 37,Metal,103.9,0.64,1.0,0.48
track_397,Song 397,Artist 11,Pop,76.9,0.69,0.35,0.01
track_398,Song 398,Artist 60,EDM,103.7,1.0,0.66,0.42
track_399,Song 399,Artist 66,Jazz,76.3,0.19,0.75,0.44
track_400,Song 400,Artist 69,Classical,76.9,0.28,0.49,0.1
track_401,Song 401,Artist 83,Classical,78.9,0.17,0.39,0.08
track_402,Song 402,Artist 52,Pop,107.8,0.46,0.41,0.29
track_403,Song 403,Artist 6,Jazz,131.0,0.19,0.33,0.49
track_404,Song 404,Artist 22,Rock,72.8,0.79,0.1,0.52
track_405,Song 405,Artist 47,Metal,119.9,0.69,0.07,0.28
track_406,Song 406,Artist 45,Rock,132.3,0.65,0.22,0.63
track_407,Song 407,Artist 55,Classical,72.4,0.37,0.76,0.45
track_408,Song 408,Artist 93,Pop,85.4,0.42,0.67,0.43
track_409,Song 409,Artist 26,Classical,104.4,0.38,0.92,0.47
track_410,Song 410,Artist 21,Classical,89.9,0.43,0.96,0.72
track_411,Song 411,Artist 83,Hip-Hop,99.2,0.56,0.61,0.54
track_412,Song 412,Artist 83,Indie,61.1,0.33,0.23,0.09
track_413,Song 413,Artist 33,Pop,133.9,0.58,0.57,0.89
track_414,Song 414,Artist 8,Jazz,77.4,0.47,0.91,0.18
track_415,Song 415,Artist 79,Classical,93.0,0.64,0.75,0.66
track_416,Song 416,Artist 42,Indie,60.0,0.32,0.74,0.34
track_417,Song 417,Artist 71,Indie,70.2,0.22,0.98,0.78
track_418,Song 418,Artist 98,Indie,95.4,0.15,0.24,0.2
track_419,Song 419,Artist 25,Classical,70.0,0.31,0.52,0.49
track_420,Song 420,Artist 5,Classical,81.5,0.29,0.24,0.53
track_421,Song 421,Artist 1,Classical,60.0,0.22,0.84,0.75
track_422,Song 422,Artist 57,Classical,60.0,0.41,0.83,0.12
track_423,Song 423,Artist 80,Rock,100.0,0.95,0.77,0.56
track_424,Song 424,Artist 41,EDM,132.7,0.54,0.45,0.28
track_425,Song 425,Artist 42,Metal,96.8,0.77,0.04,0.83
track_426,Song 426,Artist 92,Hip-Hop,96.6,0.4,0.66,0.16
track_427,Song 427,Artist 33,Hip-Hop,137.3,0.35,0.61,0.04
track_428,Song 428,Artist 74,Pop,72.1,0.45,0.6,0.51
track_429,Song 429,Artist 98,Metal,127.1,0.62,0.92,0.67
track_430,Song 430,Artist 91,Rock,107.7,0.81,0.98,0.59
track_431,Song 431,Artist 51,Metal,112.9,0.81,0.13,0.47
track_432,Song 432,Artist 65,Jazz,80.3,0.3,0.82,0.02
track_433,Song 433,Artist 81,EDM,99.7,0.9,0.76,0.22
track_434,Song 434,Artist 8,Hip-Hop,108.9,0.57,0.8,0.33
track_435,Song 435,Artist 81,Jazz,84.8,0.33,0.27,0.63
track_436,Song 436,Artist 29,Rock,131.8,0.76,0.22,0.18
track_437,Song 437,Artist 89,Classical,73.3,0.27,0.81,0.09
track_438,Song 438,Artist 5,Jazz,60.0,0.05,0.19,0.34
track_439,Song 439,Artist 5,Indie,66.8,0.26,0.2,0.25
track_440,Song 440,Artist 38,Metal,108.6,0.79,0.56,0.62
track_441,Song 441,Artist 21,EDM,110.1,0.88,0.82,0.46
track_442,Song 442,Artist 73,Metal,127.1,0.74,0.27,0.4
track_443,Song 443,Artist 22,Metal,145.1,0.87,0.11,0.99
track_444,Song 444,Artist 35,Metal,104.4,0.67,0.09,0.59
track_445,Song 445,Artist 47,Classical,93.6,0.43,0.63,0.06
track_446,Song 446,Artist 75,Rock,96.3,0.64,0.66,0.49
track_447,Song 447,Artist 72,Rock,109.8,0.78,0.29,0.43
track_448,Song 448,Artist 59,Pop,105.1,0.61,0.37,0.79
track_449,Song 449,Artist 57,EDM,167.9,1.0,0.46,0.27
track_450,Song 450,Artist 31,Pop,84.0,0.34,0.36,0.11
track_451,Song 451,Artist 100,Hip-Hop,82.8,0.36,0.02,0.17
track_452,Song 452,Artist 51,Pop,100.3,0.43,0.02,0.23
track_453,Song 453,Artist 50,Indie,110.5,0.26,0.17,0.63
track_454,Song 454,Artist 91,Metal,115.2,0.72,0.49,0.33
track_455,Song 455,Artist 71,Hip-Hop,100.3,0.54,0.38,0.89
track_456,Song 456,Artist 9,Rock,130.0,0.46,0.46,0.96
track_457,Song 457,Artist 67,Jazz,96.0,0.23,0.06,0.33
track_458,Song 458,Artist 28,Classical,72.4,0.36,0.72,0.83
track_459,Song 459,Artist 81,Jazz,60.0,0.17,0.91,0.93
track_460,Song 460,Artist 55,Metal,145.2,0.41,0.05,0.05
track_461,Song 461,Artist 73,Rock,120.7,0.66,0.95,0.21
track_462,Song 462,Artist 22,EDM,154.9,0.56,0.69,0.56
track_463,Song 463,Artist 51,Metal,136.4,0.79,0.27,0.98
track_464,Song 464,Artist 97,Hip-Hop,128.6,0.47,0.24,0.31
track_465,Song 465,Artist 21,Classical,94.4,0.39,0.24,0.46
track_466,Song 466,Artist 82,Metal,125.2,0.61,0.18,0.16
track_467,Song 467,Artist 70,EDM,98.9,0.7,0.38,0.77
track_468,Song 468,Artist 69,EDM,102.6,0.42,0.28,0.8
track_469,Song 469,Artist 2,Indie,63.1,0.4,0.6,0.07
track_470,Song 470,Artist 24,Indie,107.1,0.18,0.24,0.11
track_471,Song 471,Artist 87,Indie,110.7,0.44,0.8,0.93
track_472,Song 472,Artist 17,Jazz,109.7,0.23,0.42,0.56
track_473,Song 473,Artist 50,Jazz,87.9,0.25,0.66,0.34
track_474,Song 474,Artist 18,Rock,126.1,0.66,0.98,1.0
track_475,Song 475,Artist 64,Pop,86.8,0.43,0.42,0.61
track_476,Song 476,Artist 15,Indie,108.8,0.28,0.63,0.73
track_477,Song 477,Artist 20,Classical,87.4,0.32,0.19,0.69
track_478,Song 478,Artist 56,Indie,105.6,0.29,0.3,0.55
track_479,Song 479,Artist 10,EDM,102.4,0.93,0.8,0.96
track_480,Song 480,Artist 40,Pop,143.4,0.45,0.75,0.47
track_481,Song 481,Artist 85,EDM,141.5,0.8,0.45,0.54
track_482,Song 482,Artist 16,Hip-Hop,132.6,0.4,0.51,0.69
track_483,Song 483,Artist 36,Indie,69.6,0.09,0.74,0.42
track_484,Song 484,Artist 87,Jazz,105.9,0.13,0.29,0.68
track_485,Song 485,Artist 60,EDM,97.2,0.69,0.2,0.51
track_486,Song 486,Artist 93,Rock,89.6,0.96,0.01,0.49
track_487,Song 487,Artist 27,Indie,81.5,0.54,0.77,0.74
track_488,Song 488,Artist 63,Hip-Hop,106.0,0.49,0.2,0.65
track_489,Song 489,Artist 3,Rock,96.0,0.78,0.06,0.62
track_490,Song 490,Artist 57,Rock,140.3,0.53,0.81,0.07
track_491,Song 491,Artist 10,Rock,134.3,0.53,0.0,0.33
track_492,Song 492,Artist 37,Classical,111.1,0.31,0.75,0.01
track_493,Song 493,Artist 34,EDM,138.5,0.7,0.07,0.45
track_494,Song 494,Artist 97,Pop,100.5,0.59,0.47,0.44
track_495,Song 495,Artist 6,Classical,68.0,0.24,0.63,0.4
track_496,Song 496,Artist 83,Indie,89.0,0.28,0.27,0.69
track_497,Song 497,Artist 38,Jazz,114.1,0.35,0.63,0.19
track_498,Song 498,Artist 47,Metal,134.4,0.64,0.09,0.96
track_499,Song 499,Artist 69,Classical,99.5,0.24,0.23,0.18
track_500,Song 500,Artist 38,EDM,110.6,0.41,0.99,0.0
track_501,Song 501,Artist 70,Metal,131.8,0.58,0.84,0.12
track_502,Song 502,Artist 4,Classical,60.0,0.37,0.01,0.84
track_503,Song 503,Artist 46,Jazz,81.2,0.29,0.15,0.36
track_504,Song 504,Artist 53,Indie,112.0,0.35,0.95,0.71
track_505,Song 505,Artist 6,Classical,63.3,0.27,0.92,0.47
track_506,Song 506,Artist 79,Indie,106.9,0.48,0.23,0.46
track_507,Song 507,Artist 42,Classical,67.3,0.02,0.01,0.01
track_508,Song 508,Artist 4,Indie,93.6,0.28,0.28,0.34
track_509,Song 509,Artist 69,Metal,136.4,0.71,0.57,0.69
track_510,Song 510,Artist 96,Jazz,70.1,0.33,0.27,0.26
track_511,Song 511,Artist 11,Rock,93.7,0.77,0.05,0.76
track_512,Song 512,Artist 97,Pop,95.6,0.59,0.82,0.77
track_513,Song 513,Artist 6,Metal,152.0,0.65,0.91,0.98
track_514,Song 514,Artist 14,Metal,137.4,0.72,0.99,0.21
track_515,Song 515,Artist 75,Metal,122.9,0.71,0.66,0.25
track_516,Song 516,Artist 85,Classical,86.4,0.59,0.73,0.06
track_517,Song 517,Artist 8,Indie,119.9,0.33,0.63,0.27
track_518,Song 518,Artist 10,Metal,138.8,0.78,0.81,0.24
track_519,Song 519,Artist 2,Jazz,80.4,0.53,0.64,0.01
track_520,Song 520,Artist 10,Rock,128.3,0.54,0.85,0.22
track_521,Song 521,Artist 6,Hip-Hop,74.9,0.48,0.39,0.7
track_522,Song 522,Artist 93,Metal,133.7,0.77,0.87,0.97
track_523,Song 523,Artist 40,EDM,111.6,0.66,0.83,0.6
track_524,Song 524,Artist 24,EDM,138.7,0.47,0.74,0.8
track_525,Song 525,Artist 42,Hip-Hop,90.0,0.39,0.49,0.95
track_526,Song 526,Artist 7,Indie,82.5,0.03,0.64,0.7
track_527,Song 527,Artist 82,Pop,106.6,0.73,0.74,0.45
track_528,Song 528,Artist 62,Indie,75.8,0.39,0.29,0.37
track_529,Song 529,Artist 84,Metal,114.7,0.5,0.88,0.57
track_530,Song 530,Artist 100,Metal,124.2,0.69,0.03,0.85
track_531,Song 531,Artist 14,Hip-Hop,67.5,0.24,0.78,0.89
track_532,Song 532,Artist 38,Jazz,60.0,0.31,0.2,0.05
track_533,Song 533,Artist 67,Classical,94.8,0.26,0.14,0.01
track_534,Song 534,Artist 72,Metal,82.5,0.84,0.32,0.26
track_535,Song 535,Artist 75,Classical,102.4,0.25,0.75,0.92
track_536,Song 536,Artist 91,EDM,120.6,0.35,0.23,0.86
track_537,Song 537,Artist 33,Metal,126.2,0.71,0.89,0.17
track_538,Song 538,Artist 22,EDM,121.0,0.72,0.64,0.12
track_539,Song 539,Artist 82,Rock,118.5,0.86,0.49,0.41
track_540,Song 540,Artist 45,Pop,73.2,0.43,0.37,0.29
track_541,Song 541,Artist 61,EDM,111.3,0.52,0.63,0.15
track_542,Song 542,Artist 97,Jazz,71.0,0.38,0.63,0.72
track_543,Song 543,Artist 32,Hip-Hop,85.5,0.58,0.85,0.92
track_544,Song 544,Artist 76,Hip-Hop,94.3,0.48,0.39,0.67
track_545,Song 545,Artist 52,EDM,102.3,0.6,0.15,0.02
track_546,Song 546,Artist 72,Rock,101.4,0.59,0.2,0.47
track_547,Song 547,Artist 77,Rock,139.4,0.94,0.57,0.76
track_548,Song 548,Artist 11,Metal,145.3,0.74,0.71,0.08
track_549,Song 549,Artist 77,EDM,117.2,0.69,0.58,0.44
track_550,Song 550,Artist 4,Jazz,86.6,0.31,0.03,0.81
track_551,Song 551,Artist 94,Metal,111.4,0.78,0.85,0.81
track_552,Song 552,Artist 60,Indie,60.0,0.16,0.01,0.07
track_553,Song 553,Artist 74,Hip-Hop,60.0,0.44,0.94,0.54
track_554,Song 554,Artist 22,Jazz,75.6,0.03,0.17,0.19
track_555,Song 555,Artist 38,Pop,93.4,0.57,0.49,0.03
track_556,Song 556,Artist 41,Jazz,76.8,0.46,0.21,0.34
track_557,Song 557,Artist 57,Classical,60.0,0.06,1.0,0.27
track_558,Song 558,Artist 56,Classical,77.5,0.31,0.45,0.63
track_559,Song 559,Artist 97,Classical,83.2,0.2,0.35,0.12
track_560,Song 560,Artist 92,Pop,137.0,0.26,0.42,0.83
track_561,Song 561,Artist 33,Indie,98.8,0.33,0.25,0.05
track_562,Song 562,Artist 1,Rock,99.0,0.73,0.86,0.12
track_563,Song 563,Artist 74,Jazz,60.0,0.57,0.61,0.57
track_564,Song 564,Artist 23,Indie,85.8,0.45,0.33,0.63
track_565,Song 565,Artist 47,Classical,60.0,0.23,0.39,0.32
track_566,Song 566,Artist 16,Jazz,76.2,0.37,0.71,0.82
track_567,Song 567,Artist 100,Classical,71.8,0.25,0.24,0.57
track_568,Song 568,Artist 69,Indie,91.5,0.29,0.07,0.02
track_569,Song 569,Artist 28,EDM,151.0,0.67,0.84,0.4
track_570,Song 570,Artist 88,Pop,124.1,0.55,0.96,0.36
track_571,Song 571,Artist 53,Pop,108.7,0.57,0.97,0.96
track_572,Song 572,Artist 93,Hip-Hop,122.3,0.35,0.39,0.78
track_573,Song 573,Artist 86,Hip-Hop,136.6,0.39,0.69,0.62
track_574,Song 574,Artist 29,Indie,92.7,0.1,0.27,0.35
track_575,Song 575,Artist 31,Indie,118.3,0.32,0.23,0.18
track_576,Song 576,Artist 64,Pop,102.8,0.51,0.81,0.33
track_577,Song 577,Artist 19,Jazz,92.3,0.65,0.77,0.09
track_578,Song 578,Artist 73,Hip-Hop,90.1,0.35,0.89,0.97
track_579,Song 579,Artist 48,Rock,125.0,0.49,0.93,0.5
track_580,Song 580,Artist 71,Jazz,85.9,0.29,0.74,0.38
track_581,Song 581,Artist 41,Indie,60.0,0.18,0.6,0.74
track_582,Song 582,Artist 23,Jazz,73.0,0.15,0.96,0.87
track_583,Song 583,Artist 45,Rock,102.2,0.72,0.07,0.31
track_584,Song 584,Artist 44,Indie,84.8,0.06,0.03,0.45
track_585,Song 585,Artist 18,EDM,93.2,0.41,0.3,0.2
track_586,Song 586,Artist 57,EDM,115.1,0.67,0.64,0.77
track_587,Song 587,Artist 98,Indie,68.9,0.33,0.36,0.95
track_588,Song 588,Artist 6,Rock,115.5,0.71,0.02,0.21
track_589,Song 589,Artist 57,Metal,153.9,0.73,0.16,0.64
track_590,Song 590,Artist 63,Indie,67.2,0.17,0.49,0.34
track_591,Song 591,Artist 96,EDM,123.0,0.53,0.49,0.71
track_592,Song 592,Artist 42,Metal,126.2,0.68,0.31,0.3
track_593,Song 593,Artist 66,Rock,119.3,0.68,0.45,0.09
track_594,Song 594,Artist 79,EDM,111.2,0.67,0.9,0.07
track_595,Song 595,Artist 9,Classical,60.0,0.37,0.75,0.11
track_596,Song 596,Artist 98,Indie,90.6,0.53,0.43,1.0
track_597,Song 597,Artist 37,Rock,130.4,0.97,0.57,0.98
track_598,Song 598,Artist 34,Jazz,88.5,0.33,0.07,0.16
track_599,Song 599,Artist 85,Classical,68.1,0.19,0.95,0.35
track_600,Song 600,Artist 94,Pop,118.7,0.48,0.91,0.95
track_601,Song 601,Artist 53,Rock,118.3,0.49,0.64,0.35
track_602,Song 602,Artist 63,Rock,121.1,0.95,0.24,0.69
track_603,Song 603,Artist 97,Pop,100.2,0.62,0.49,0.92
track_604,Song 604,Artist 44,Rock,95.7,0.64,0.87,0.34
track_605,Song 605,Artist 28,Rock,142.0,0.85,0.31,0.07
track_606,Song 606,Artist 6,Jazz,83.3,0.32,0.88,0.86
track_607,Song 607,Artist 58,Jazz,63.4,0.41,0.77,0.79
track_608,Song 608,Artist 91,Hip-Hop,83.1,0.4,0.88,0.7
track_609,Song 609,Artist 87,EDM,142.3,0.61,0.29,0.17
track_610,Song 610,Artist 89,Jazz,94.6,0.45,0.08,0.59
track_611,Song 611,Artist 37,Jazz,64.0,0.31,0.2,0.56
track_612,Song 612,Artist 14,Hip-Hop,90.1,0.52,0.16,0.31
track_613,Song 613,Artist 23,Metal,123.8,0.5,0.17,0.69
track_614,Song 614,Artist 79,Jazz,60.0,0.27,0.15,0.64
track_615,Song 615,Artist 39,Classical,76.2,0.13,0.25,0.77
track_616,Song 616,Artist 36,EDM,97.0,0.92,0.84,0.46
track_617,Song 617,Artist 66,Classical,89.3,0.43,0.66,0.7
track_618,Song 618,Artist 74,Rock,106.5,0.91,0.32,0.48
track_619,Song 619,Artist 41,Rock,140.8,0.81,0.4,0.13
track_620,Song 620,Artist 80,Hip-Hop,81.3,0.57,0.93,0.51
track_621,Song 621,Artist 11,Rock,84.7,0.76,0.3,0.41
track_622,Song 622,Artist 48,Hip-Hop,92.5,0.65,0.97,0.61
track_623,Song 623,Artist 68,Rock,130.0,0.63,0.83,0.55
track_624,Song 624,Artist 23,Hip-Hop,124.3,0.41,0.66,0.4
track_625,Song 625,Artist 78,Metal,96.9,0.44,0.59,0.48
track_626,Song 626,Artist 17,Jazz,126.9,0.15,0.83,0.07
track_627,Song 627,Artist 45,Rock,113.9,1.0,0.72,0.49
track_628,Song 628,Artist 29,Pop,119.5,0.45,0.57,0.73
track_629,Song 629,Artist 16,Rock,99.4,0.78,0.85,0.13
track_630,Song 630,Artist 63,Indie,62.7,0.36,0.62,0.22
track_631,Song 631,Artist 50,Hip-Hop,78.0,0.59,0.73,0.47
track_632,Song 632,Artist 30,Classical,67.1,0.36,0.76,0.37
track_633,Song 633,Artist 24,Metal,100.5,0.84,0.56,0.64
track_634,Song 634,Artist 35,Indie,103.0,0.27,0.46,0.29
track_635,Song 635,Artist 15,EDM,119.4,0.79,0.74,0.25
track_636,Song 636,Artist 82,Metal,143.0,0.8,0.23,0.74
track_637,Song 637,Artist 45,Jazz,99.6,0.34,0.27,0.42
track_638,Song 638,Artist 54,EDM,112.6,0.88,0.24,0.43
track_639,Song 639,Artist 27,Jazz,68.8,0.31,0.45,1.0
track_640,Song 640,Artist 11,Jazz,91.6,0.21,0.55,0.15
track_641,Song 641,Artist 78,Metal,131.5,0.47,0.33,0.64
track_642,Song 642,Artist 65,Metal,109.5,0.76,0.16,0.77
track_643,Song 643,Artist 54,Classical,60.0,0.49,0.01,0.08
track_644,Song 644,Artist 18,Hip-Hop,100.3,0.54,0.75,0.83
track_645,Song 645,Artist 45,Hip-Hop,68.7,0.39,0.2,0.26
track_646,Song 646,Artist 23,Pop,127.9,0.63,0.65,0.38
track_647,Song 647,Artist 88,Rock,144.6,0.65,0.87,0.01
track_648,Song 648,Artist 94,Jazz,101.2,0.33,0.22,0.68
track_649,Song 649,Artist 44,EDM,121.5,0.63,0.46,0.96
track_650,Song 650,Artist 21,Classical,70.4,0.33,0.26,0.4
track_651,Song 651,Artist 11,Jazz,110.6,0.16,0.3,0.21
track_652,Song 652,Artist 86,Pop,116.5,0.49,0.29,0.87
track_653,Song 653,Artist 23,Hip-Hop,64.7,0.7,0.36,0.75
track_654,Song 654,Artist 43,EDM,137.4,0.88,0.49,0.38
track_655,Song 655,Artist 42,Metal,84.3,0.82,0.01,0.57
track_656,Song 656,Artist 5,Pop,101.2,0.46,0.7,0.17
track_657,Song 657,Artist 87,Pop,67.0,0.13,0.58,0.01
track_658,Song 658,Artist 99,EDM,161.3,0.73,0.31,0.95
track_659,Song 659,Artist 85,Hip-Hop,131.1,0.49,0.68,0.78
track_660,Song 660,Artist 66,Pop,122.5,0.38,0.02,0.12
track_661,Song 661,Artist 69,Metal,118.9,0.87,0.97,0.8
track_662,Song 662,Artist 16,Rock,100.6,0.51,0.69,0.32
track_663,Song 663,Artist 57,Classical,96.4,0.3,0.72,0.46
track_664,Song 664,Artist 92,Hip-Hop,90.9,0.41,0.44,0.55
track_665,Song 665,Artist 95,Pop,88.9,0.37,0.64,0.07
track_666,Song 666,Artist 58,EDM,137.4,0.91,0.4,0.76
track_667,Song 667,Artist 43,Metal,128.0,0.78,0.4,0.93
track_668,Song 668,Artist 13,Metal,139.9,0.53,0.48,0.6
track_669,Song 669,Artist 18,Metal,110.5,0.69,0.04,0.61
track_670,Song 670,Artist 87,Hip-Hop,79.6,0.42,0.89,0.79
track_671,Song 671,Artist 6,Pop,106.4,0.34,0.36,0.42
track_672,Song 672,Artist 32,Hip-Hop,106.1,0.43,0.53,0.18
track_673,Song 673,Artist 44,Hip-Hop,99.7,0.49,0.82,0.76
track_674,Song 674,Artist 88,Hip-Hop,78.4,0.61,0.85,0.17
track_675,Song 675,Artist 98,Indie,101.1,0.06,0.53,0.09
track_676,Song 676,Artist 40,Pop,106.2,0.32,0.04,0.21
track_677,Song 677,Artist 7,Hip-Hop,130.7,0.7,0.71,0.55
track_678,Song 678,Artist 71,Indie,85.9,0.0,0.04,0.57
track_679,Song 679,Artist 59,EDM,93.7,0.67,0.34,0.88
track_680,Song 680,Artist 63,EDM,158.3,0.63,0.54,0.96
track_681,Song 681,Artist 28,Jazz,80.7,0.33,0.3,0.2
track_682,Song 682,Artist 80,Pop,99.1,0.58,0.06,0.36
track_683,Song 683,Artist 59,Metal,103.5,0.69,0.46,0.96
track_684,Song 684,Artist 53,Classical,88.6,0.4,0.63,0.77
track_685,Song 685,Artist 66,EDM,113.7,0.82,0.34,0.3
track_686,Song 686,Artist 95,EDM,129.1,0.72,0.34,0.06
track_687,Song 687,Artist 45,Hip-Hop,97.1,0.42,0.86,0.2
track_688,Song 688,Artist 20,Pop,88.4,0.57,0.01,0.82
track_689,Song 689,Artist 13,EDM,132.7,0.63,0.9,0.32
track_690,Song 690,Artist 39,Indie,74.3,0.17,0.51,0.67
track_691,Song 691,Artist 61,Rock,70.5,0.72,0.95,0.57
track_692,Song 692,Artist 81,Pop,125.8,0.3,0.99,0.72
track_693,Song 693,Artist 7,Classical,60.5,0.24,0.75,0.56
track_694,Song 694,Artist 8,EDM,127.5,0.85,0.7,0.72
track_695,Song 695,Artist 17,Rock,125.4,0.64,0.97,0.01
track_696,Song 696,Artist 80,Jazz,70.8,0.13,0.9,0.57
track_697,Song 697,Artist 82,Classical,60.0,0.29,0.1,0.04
track_698,Song 698,Artist 44,Classical,75.7,0.42,0.7,0.14
track_699,Song 699,Artist 64,Rock,106.7,0.67,0.89,0.75
track_700,Song 700,Artist 61,Pop,119.7,0.57,0.94,0.88
track_701,Song 701,Artist 74,Indie,97.9,0.36,0.83,0.91
track_702,Song 702,Artist 97,Metal,133.9,0.79,0.43,0.26
track_703,Song 703,Artist 33,Metal,109.6,0.77,0.16,0.58
track_704,Song 704,Artist 57,Rock,141.9,0.75,0.84,0.05
track_705,Song 705,Artist 47,Metal,107.1,0.67,0.53,0.06
track_706,Song 706,Artist 41,Metal,85.3,0.49,0.88,0.18
track_707,Song 707,Artist 87,Classical,77.7,0.41,0.12,0.48
track_708,Song 708,Artist 60,Metal,116.5,0.71,0.77,0.68
track_709,Song 709,Artist 38,Indie,118.5,0.25,0.79,0.62
track_710,Song 710,Artist 9,Metal,125.8,0.7,0.94,0.46
track_711,Song 711,Artist 42,Pop,102.1,0.47,0.97,0.77
track_712,Song 712,Artist 25,Classical,78.7,0.12,0.73,0.46
track_713,Song 713,Artist 15,Hip-Hop,65.2,0.58,0.27,0.68
track_714,Song 714,Artist 14,Metal,110.9,0.88,0.57,0.88
track_715,Song 715,Artist 63,Rock,178.7,0.77,0.88,0.76
track_716,Song 716,Artist 53,Classical,73.2,0.28,0.98,0.59
track_717,Song 717,Artist 30,Pop,68.9,0.61,0.97,0.76
track_718,Song 718,Artist 72,Indie,113.1,0.4,0.17,0.43
track_719,Song 719,Artist 22,Rock,118.8,0.53,0.59,0.15
track_720,Song 720,Artist 31,Pop,113.8,0.44,0.99,0.41
track_721,Song 721,Artist 67,Jazz,77.6,0.44,0.81,0.68
track_722,Song 722,Artist 97,Metal,119.3,0.57,0.71,0.24
track_723,Song 723,Artist 93,Classical,86.9,0.15,0.01,0.0
track_724,Song 724,Artist 26,Indie,66.5,0.33,0.98,0.42
track_725,Song 725,Artist 90,Metal,115.3,0.36,0.87,0.44
track_726,Song 726,Artist 24,Jazz,107.6,0.58,0.75,0.52
track_727,Song 727,Artist 32,EDM,132.7,0.69,0.9,0.02
track_728,Song 728,Artist 74,Classical,88.9,0.47,0.77,0.33
track_729,Song 729,Artist 17,Classical,103.7,0.22,0.98,0.08
track_730,Song 730,Artist 64,EDM,119.7,0.77,0.51,0.84
track_731,Song 731,Artist 2,Indie,92.9,0.26,0.32,0.08
track_732,Song 732,Artist 41,Jazz,64.5,0.22,0.53,0.22
track_733,Song 733,Artist 9,Rock,118.6,0.63,0.86,0.24
track_734,Song 734,Artist 19,Indie,99.1,0.42,0.84,0.8
track_735,Song 735,Artist 21,Jazz,60.0,0.47,0.33,0.63
track_736,Song 736,Artist 87,EDM,124.0,0.56,0.77,0.13
track_737,Song 737,Artist 38,Indie,68.0,0.11,0.9,0.43
track_738,Song 738,Artist 87,Rock,115.7,1.0,0.15,0.88
track_739,Song 739,Artist 39,Metal,124.6,0.63,0.68,0.44
track_740,Song 740,Artist 36,Hip-Hop,87.1,0.56,0.4,0.91
track_741,Song 741,Artist 78,Metal,165.8,0.8,0.14,0.39
track_742,Song 742,Artist 9,Jazz,86.7,0.31,0.17,0.46
track_743,Song 743,Artist 55,Jazz,105.0,0.34,0.15,0.41
track_744,Song 744,Artist 93,Pop,94.4,0.35,0.67,0.96
track_745,Song 745,Artist 39,Jazz,60.0,0.27,0.52,0.08
track_746,Song 746,Artist 20,Metal,95.2,0.79,0.52,0.09
track_747,Song 747,Artist 25,Hip-Hop,124.1,0.56,0.18,0.05
track_748,Song 748,Artist 81,Rock,86.8,0.79,0.95,0.11
track_749,Song 749,Artist 99,Metal,122.2,0.67,0.24,0.24
track_750,Song 750,Artist 78,EDM,106.7,0.71,0.7,0.02
track_751,Song 751,Artist 81,EDM,125.7,0.88,0.39,0.19
track_752,Song 752,Artist 41,Indie,88.4,0.13,0.26,0.03
track_753,Song 753,Artist 81,Classical,89.5,0.49,0.83,0.02
track_754,Song 754,Artist 6,Hip-Hop,101.9,0.63,0.18,0.1
track_755,Song 755,Artist 4,Indie,69.2,0.33,0.69,0.69
track_756,Song 756,Artist 51,Rock,97.2,0.78,0.07,0.36
track_757,Song 757,Artist 96,Jazz,90.2,0.49,0.62,0.66
track_758,Song 758,Artist 21,Jazz,79.4,0.27,0.06,0.55
track_759,Song 759,Artist 97,Rock,118.9,0.68,0.96,0.61
track_760,Song 760,Artist 79,Jazz,95.5,0.18,0.85,0.14
track_761,Song 761,Artist 43,Indie,60.0,0.2,0.25,0.09
track_762,Song 762,Artist 83,Classical,83.7,0.39,0.25,0.86
track_763,Song 763,Artist 48,Jazz,75.9,0.4,0.58,0.97
track_764,Song 764,Artist 95,Classical,80.1,0.01,0.18,0.27
track_765,Song 765,Artist 48,Hip-Hop,87.1,0.74,0.33,0.67
track_766,Song 766,Artist 14,Classical,87.8,0.44,0.67,0.16
track_767,Song 767,Artist 4,Metal,98.8,0.74,0.34,0.3
track_768,Song 768,Artist 94,Classical,98.5,0.18,0.69,0.47
track_769,Song 769,Artist 32,Jazz,73.3,0.49,0.45,0.83
track_770,Song 770,Artist 16,Metal,109.7,0.63,0.29,0.28
track_771,Song 771,Artist 66,Hip-Hop,112.3,0.75,0.31,0.19
track_772,Song 772,Artist 70,Hip-Hop,111.6,0.52,0.13,0.55
track_773,Song 773,Artist 69,Pop,106.7,0.41,0.59,0.89
track_774,Song 774,Artist 31,Classical,67.8,0.16,0.42,0.53
track_775,Song 775,Artist 36,Classical,79.6,0.3,0.33,0.48
track_776,Song 776,Artist 43,Hip-Hop,79.4,0.5,0.45,0.07
track_777,Song 777,Artist 28,Pop,92.0,0.52,0.27,0.71
track_778,Song 778,Artist 56,Indie,60.0,0.31,0.71,0.88
track_779,Song 779,Artist 89,Metal,115.2,0.84,0.5,0.79
track_780,Song 780,Artist 71,Indie,60.0,0.66,0.59,0.39
track_781,Song 781,Artist 68,EDM,128.0,0.99,0.52,0.52
track_782,Song 782,Artist 23,Indie,85.6,0.03,0.36,0.12
track_783,Song 783,Artist 36,Rock,127.3,0.71,0.63,0.42
track_784,Song 784,Artist 78,Pop,106.9,0.65,0.88,0.96
track_785,Song 785,Artist 62,Classical,104.7,0.57,0.49,0.95
track_786,Song 786,Artist 19,EDM,114.8,0.62,0.76,0.95
track_787,Song 787,Artist 63,Jazz,89.6,0.4,0.64,0.19
track_788,Song 788,Artist 61,Jazz,66.1,0.22,0.76,0.98
track_789,Song 789,Artist 5,Indie,71.8,0.32,0.91,0.16
track_790,Song 790,Artist 41,Indie,107.8,0.22,0.61,1.0
track_791,Song 791,Artist 28,EDM,128.7,0.62,0.27,0.54
track_792,Song 792,Artist 95,EDM,106.1,0.99,0.33,0.29
track_793,Song 793,Artist 9,Classical,83.3,0.27,0.63,0.36
track_794,Song 794,Artist 90,Hip-Hop,60.0,0.79,0.03,0.1
track_795,Song 795,Artist 43,Hip-Hop,94.2,0.51,0.01,0.49
track_796,Song 796,Artist 19,Indie,78.5,0.21,0.44,0.77
track_797,Song 797,Artist 89,Rock,95.1,0.57,0.56,0.58
track_798,Song 798,Artist 100,Classical,60.0,0.13,0.57,0.12
track_799,Song 799,Artist 46,Hip-Hop,61.3,0.52,0.45,0.69
track_800,Song 800,Artist 44,Rock,99.9,0.8,0.36,0.5
track_801,Song 801,Artist 52,Classical,85.8,0.19,0.24,0.43
track_802,Song 802,Artist 33,Jazz,60.0,0.18,0.71,0.39
track_803,Song 803,Artist 10,Rock,150.8,0.64,0.17,0.71
track_804,Song 804,Artist 31,Jazz,93.6,0.23,0.5,0.52
track_805,Song 805,Artist 26,Hip-Hop,101.6,0.38,0.88,0.53
track_806,Song 806,Artist 95,Rock,118.0,0.92,0.06,0.63
track_807,Song 807,Artist 98,EDM,110.5,0.56,0.98,0.78
track_808,Song 808,Artist 80,Hip-Hop,82.2,0.73,0.38,0.62
track_809,Song 809,Artist 63,Hip-Hop,120.0,0.32,0.72,0.37
track_810,Song 810,Artist 19,Classical,60.0,0.21,0.68,0.47
track_811,Song 811,Artist 74,EDM,124.1,0.71,0.29,0.67
track_812,Song 812,Artist 55,Pop,60.0,0.47,0.76,0.15
track_813,Song 813,Artist 21,Pop,106.3,0.67,0.69,0.36
track_814,Song 814,Artist 72,Jazz,71.5,0.11,0.45,0.61
track_815,Song 815,Artist 25,Classical,98.6,0.31,0.94,0.15
track_816,Song 816,Artist 4,Jazz,73.7,0.24,0.14,0.35
track_817,Song 817,Artist 7,Jazz,62.3,0.2,0.91,0.0
track_818,Song 818,Artist 63,Rock,145.4,0.81,0.18,0.72
track_819,Song 819,Artist 48,Jazz,81.7,0.18,0.15,0.42
track_820,Song 820,Artist 50,EDM,128.4,0.67,0.48,0.96
track_821,Song 821,Artist 36,Classical,107.8,0.39,0.42,0.67
track_822,Song 822,Artist 20,Jazz,63.8,0.26,0.32,0.24
track_823,Song 823,Artist 25,Pop,91.6,0.36,0.77,0.96
track_824,Song 824,Artist 74,Rock,123.2,0.61,0.47,0.59
track_825,Song 825,Artist 4,EDM,126.4,0.64,0.25,0.83
track_826,Song 826,Artist 11,Metal,117.8,0.57,0.05,0.07
track_827,Song 827,Artist 77,Classical,60.0,0.31,0.06,0.26
track_828,Song 828,Artist 76,Hip-Hop,100.5,0.45,0.17,0.53
track_829,Song 829,Artist 62,Classical,88.7,0.25,0.72,0.8
track_830,Song 830,Artist 78,Metal,117.6,0.8,0.15,0.13
track_831,Song 831,Artist 68,Classical,103.1,0.22,0.07,0.77
track_832,Song 832,Artist 100,Rock,120.3,0.8,0.24,0.1
track_833,Song 833,Artist 42,Rock,120.6,0.7,0.86,0.85
track_834,Song 834,Artist 14,Rock,135.8,0.72,0.04,0.2
track_835,Song 835,Artist 33,Rock,101.5,0.43,0.85,0.23
track_836,Song 836,Artist 65,EDM,120.7,0.51,0.7,0.78
track_837,Song 837,Artist 50,Hip-Hop,121.0,0.68,0.77,0.91
track_838,Song 838,Artist 4,Rock,148.4,0.87,0.36,0.03
track_839,Song 839,Artist 72,Jazz,60.0,0.52,0.64,0.68
track_840,Song 840,Artist 16,Rock,104.8,0.8,0.57,0.55
track_841,Song 841,Artist 81,Jazz,62.9,0.15,0.77,0.62
track_842,Song 842,Artist 94,Pop,89.9,0.46,0.96,0.29
track_843,Song 843,Artist 80,Rock,132.6,0.63,0.54,0.53
track_844,Song 844,Artist 91,Rock,118.6,0.52,0.43,0.71
track_845,Song 845,Artist 31,Pop,117.3,0.3,0.03,0.51
track_846,Song 846,Artist 70,Jazz,61.6,0.23,0.17,0.38
track_847,Song 847,Artist 17,Jazz,74.3,0.13,0.55,1.0
track_848,Song 848,Artist 55,EDM,151.3,0.57,0.88,0.13
track_849,Song 849,Artist 97,Classical,102.6,0.22,0.95,0.06
track_850,Song 850,Artist 18,Pop,140.6,0.41,0.88,0.63
track_851,Song 851,Artist 98,Indie,101.4,0.38,0.13,0.9
track_852,Song 852,Artist 43,EDM,133.4,0.66,0.87,0.14
track_853,Song 853,Artist 95,Hip-Hop,138.4,0.42,0.37,0.57
track_854,Song 854,Artist 59,Rock,130.7,0.64,0.28,0.74
track_855,Song 855,Artist 36,Indie,60.0,0.58,0.18,0.49
track_856,Song 856,Artist 62,Metal,128.5,0.71,0.99,0.28
track_857,Song 857,Artist 16,Hip-Hop,100.0,0.63,0.23,0.49
track_858,Song 858,Artist 4,Jazz,67.7,0.16,0.31,0.4
track_859,Song 859,Artist 2,Hip-Hop,122.5,0.48,0.61,0.85
track_860,Song 860,Artist 50,EDM,101.5,0.76,0.92,0.19
track_861,Song 861,Artist 83,Jazz,88.0,0.4,0.38,0.65
track_862,Song 862,Artist 65,Rock,111.5,0.63,0.72,0.51
track_863,Song 863,Artist 44,Jazz,92.3,0.31,0.32,0.78
track_864,Song 864,Artist 32,Metal,100.9,0.76,0.1,0.21
track_865,Song 865,Artist 37,Rock,106.5,0.82,0.52,0.12
track_866,Song 866,Artist 5,Pop,93.8,0.34,0.78,0.03
track_867,Song 867,Artist 75,Hip-Hop,107.0,0.33,0.93,0.43
track_868,Song 868,Artist 94,EDM,128.2,0.86,0.15,0.22
track_869,Song 869,Artist 98,Jazz,60.0,0.32,0.88,0.69
track_870,Song 870,Artist 38,Metal,124.2,0.6,0.48,0.98
track_871,Song 871,Artist 96,Metal,124.8,0.66,0.07,0.36
track_872,Song 872,Artist 73,Indie,60.0,0.17,0.32,0.12
track_873,Song 873,Artist 49,Jazz,68.0,0.18,0.63,0.51
track_874,Song 874,Artist 76,Jazz,98.1,0.41,0.5,0.71
track_875,Song 875,Artist 32,Jazz,82.0,0.14,0.23,0.05
track_876,Song 876,Artist 3,Indie,93.4,0.67,0.99,0.14
track_877,Song 877,Artist 9,Classical,63.1,0.58,0.07,0.91
track_878,Song 878,Artist 32,EDM,123.7,0.78,0.6,0.79
track_879,Song 879,Artist 15,Indie,60.0,0.42,0.61,0.88
track_880,Song 880,Artist 29,Indie,60.3,0.32,0.78,0.73
track_881,Song 881,Artist 35,Rock,124.0,0.57,0.18,0.31
track_882,Song 882,Artist 21,Rock,154.5,0.48,0.96,0.59
track_883,Song 883,Artist 69,Classical,85.0,0.41,0.2,0.4
track_884,Song 884,Artist 18,Indie,60.0,0.28,0.8,0.05
track_885,Song 885,Artist 60,Pop,113.7,0.31,0.03,0.39
track_886,Song 886,Artist 14,Rock,128.4,0.87,0.56,0.48
track_887,Song 887,Artist 37,EDM,164.5,0.51,0.19,0.52
track_888,Song 888,Artist 39,Hip-Hop,61.3,0.59,0.31,0.13
track_889,Song 889,Artist 22,Classical,90.2,0.38,0.92,0.55
track_890,Song 890,Artist 73,Metal,100.0,0.56,0.11,0.92
track_891,Song 891,Artist 41,Jazz,85.9,0.46,0.51,0.67
track_892,Song 892,Artist 4,Jazz,102.3,0.22,0.43,0.97
track_893,Song 893,Artist 17,EDM,142.3,0.69,0.47,0.62
track_894,Song 894,Artist 7,EDM,115.7,0.49,0.95,0.68
track_895,Song 895,Artist 4,Pop,85.5,0.45,0.68,0.56
track_896,Song 896,Artist 90,Pop,117.1,0.33,0.1,0.01
track_897,Song 897,Artist 75,Metal,100.0,0.69,0.62,0.08
track_898,Song 898,Artist 40,Indie,70.5,0.3,0.92,0.3
track_899,Song 899,Artist 93,Jazz,82.0,0.19,0.39,0.24
track_900,Song 900,Artist 53,Jazz,67.0,0.0,0.07,0.14
track_901,Song 901,Artist 53,Hip-Hop,93.7,0.38,0.06,0.52
track_902,Song 902,Artist 83,Classical,102.9,0.38,0.24,0.68
track_903,Song 903,Artist 74,Classical,81.9,0.55,0.26,0.05
track_904,Song 904,Artist 52,EDM,119.3,0.94,0.31,0.48
track_905,Song 905,Artist 54,Hip-Hop,83.8,0.36,0.73,0.26
track_906,Song 906,Artist 59,Jazz,116.5,0.25,0.39,0.55
track_907,Song 907,Artist 91,Jazz,97.3,0.17,0.24,0.03
track_908,Song 908,Artist 65,Metal,116.7,0.97,0.69,0.66
track_909,Song 909,Artist 64,EDM,104.4,0.4,0.32,0.2
track_910,Song 910,Artist 47,Metal,148.8,0.62,0.33,0.6
track_911,Song 911,Artist 82,Jazz,70.0,0.04,0.52,0.31
track_912,Song 912,Artist 21,Rock,140.8,0.69,0.67,0.88
track_913,Song 913,Artist 94,EDM,146.9,0.67,0.15,0.43
track_914,Song 914,Artist 49,Metal,117.7,0.72,0.29,0.33
track_915,Song 915,Artist 69,Rock,104.2,0.46,0.99,0.69
track_916,Song 916,Artist 94,EDM,122.6,0.72,0.04,0.49
track_917,Song 917,Artist 16,Jazz,82.5,0.42,0.45,0.97
track_918,Song 918,Artist 95,Classical,88.4,0.53,0.61,0.6
track_919,Song 919,Artist 7,Classical,104.6,0.27,0.6,0.55
track_920,Song 920,Artist 33,Rock,120.2,0.69,0.01,0.91
track_921,Song 921,Artist 15,Indie,112.0,0.38,0.67,0.2
track_922,Song 922,Artist 99,Metal,158.6,0.54,0.01,0.52
track_923,Song 923,Artist 3,EDM,115.9,0.63,0.35,0.16
track_924,Song 924,Artist 40,Pop,97.4,0.43,0.03,0.67
track_925,Song 925,Artist 59,EDM,125.2,0.65,0.14,0.9
track_926,Song 926,Artist 81,EDM,107.1,0.88,0.77,0.17
track_927,Song 927,Artist 62,Pop,92.9,0.64,0.52,0.03
track_928,Song 928,Artist 20,Rock,124.9,0.65,0.94,0.44
track_929,Song 929,Artist 40,Rock,125.6,0.71,0.96,0.07
track_930,Song 930,Artist 65,Jazz,60.0,0.31,0.48,0.82
track_931,Song 931,Artist 74,EDM,125.2,0.57,0.38,0.2
track_932,Song 932,Artist 69,Jazz,84.4,0.56,0.63,0.24
track_933,Song 933,Artist 6,Pop,107.9,0.65,0.75,0.04
track_934,Song 934,Artist 30,Jazz,60.0,0.21,0.39,0.69
track_935,Song 935,Artist 78,Hip-Hop,75.0,0.5,0.68,0.1
track_936,Song 936,Artist 87,EDM,133.8,0.39,0.45,0.31
track_937,Song 937,Artist 81,Jazz,60.0,0.22,0.03,0.61
track_938,Song 938,Artist 7,Pop,99.4,0.55,0.31,0.87
track_939,Song 939,Artist 13,Indie,87.7,0.28,0.06,0.49
track_940,Song 940,Artist 15,EDM,136.0,0.75,0.78,0.19
track_941,Song 941,Artist 74,Metal,91.6,0.8,0.49,0.17
track_942,Song 942,Artist 34,Jazz,62.7,0.11,0.71,0.84
track_943,Song 943,Artist 24,EDM,152.4,1.0,0.26,0.57
track_944,Song 944,Artist 90,EDM,110.2,0.75,0.14,0.21
track_945,Song 945,Artist 20,Hip-Hop,100.6,0.17,0.7,0.32
track_946,Song 946,Artist 60,Hip-Hop,89.2,0.8,0.43,0.33
track_947,Song 947,Artist 31,Jazz,88.8,0.21,0.25,0.44
track_948,Song 948,Artist 38,Indie,60.0,0.28,0.31,0.08
track_949,Song 949,Artist 30,Metal,88.1,0.86,0.23,0.64
track_950,Song 950,Artist 58,Jazz,60.0,0.29,0.67,0.27
track_951,Song 951,Artist 79,Classical,86.2,0.19,0.54,0.81
track_952,Song 952,Artist 57,EDM,91.3,0.78,0.94,0.27
track_953,Song 953,Artist 43,Indie,123.8,0.52,0.26,0.37
track_954,Song 954,Artist 22,Indie,104.0,0.51,0.63,0.82
track_955,Song 955,Artist 90,EDM,120.4,0.75,0.01,0.69
track_956,Song 956,Artist 4,Hip-Hop,87.8,0.41,0.75,0.06
track_957,Song 957,Artist 67,EDM,111.2,0.81,0.32,0.86
track_958,Song 958,Artist 54,Indie,60.0,0.37,0.05,0.06
track_959,Song 959,Artist 78,Metal,92.9,0.58,0.58,0.84
track_960,Song 960,Artist 35,EDM,139.5,0.67,0.31,0.36
track_961,Song 961,Artist 62,EDM,133.3,0.69,0.06,0.55
track_962,Song 962,Artist 4,Jazz,60.0,0.37,0.97,0.57
track_963,Song 963,Artist 54,Pop,84.1,0.25,0.94,0.13
track_964,Song 964,Artist 84,EDM,106.5,0.69,0.19,0.04
track_965,Song 965,Artist 26,Pop,117.5,0.39,0.77,0.95
track_966,Song 966,Artist 25,Jazz,89.2,0.54,0.81,0.52
track_967,Song 967,Artist 4,Pop,106.0,0.5,0.32,0.6
track_968,Song 968,Artist 54,Jazz,99.2,0.11,0.15,0.91
track_969,Song 969,Artist 78,Classical,81.6,0.39,0.94,0.88
track_970,Song 970,Artist 87,Jazz,60.0,0.54,0.02,0.24
track_971,Song 971,Artist 54,Jazz,68.9,0.16,0.83,0.4
track_972,Song 972,Artist 86,EDM,106.9,0.61,0.24,0.05
track_973,Song 973,Artist 19,EDM,104.7,0.84,0.05,0.81
track_974,Song 974,Artist 35,Jazz,121.5,0.34,0.39,0.49
track_975,Song 975,Artist 41,Indie,60.0,0.34,0.32,0.89
track_976,Song 976,Artist 50,Metal,115.5,0.62,0.09,0.78
track_977,Song 977,Artist 43,Rock,116.0,0.85,0.32,0.1
track_978,Song 978,Artist 88,Hip-Hop,107.2,0.4,0.79,0.95
track_979,Song 979,Artist 66,Hip-Hop,87.6,0.47,0.4,0.36
track_980,Song 980,Artist 6,Jazz,60.0,0.2,0.45,0.74
track_981,Song 981,Artist 65,Rock,122.0,0.53,0.94,0.94
track_982,Song 982,Artist 19,Jazz,104.2,0.34,0.79,0.04
track_983,Song 983,Artist 52,Indie,91.4,0.22,0.95,0.23
track_984,Song 984,Artist 6,Classical,63.6,0.15,0.77,0.67
track_985,Song 985,Artist 56,Indie,60.0,0.22,0.74,0.03
track_986,Song 986,Artist 52,Jazz,60.0,0.31,0.09,0.96
track_987,Song 987,Artist 14,Rock,128.4,0.76,0.95,0.4
track_988,Song 988,Artist 22,Classical,88.3,0.15,0.08,0.84
track_989,Song 989,Artist 51,Rock,116.0,0.59,0.8,0.56
track_990,Song 990,Artist 31,Rock,143.7,0.75,0.31,0.88
track_991,Song 991,Artist 96,Hip-Hop,121.3,0.3,0.79,0.96
track_992,Song 992,Artist 89,Classical,84.9,0.12,0.38,0.3
track_993,Song 993,Artist 33,Metal,102.5,0.42,0.59,0.63
track_994,Song 994,Artist 13,Pop,147.0,0.57,0.48,0.11
track_995,Song 995,Artist 83,Rock,88.6,0.63,0.64,0.26
track_996,Song 996,Artist 56,Jazz,92.0,0.22,0.84,0.22
track_997,Song 997,Artist 18,Classical,74.4,0.18,0.92,0.8
track_998,Song 998,Artist 64,Indie,67.2,0.31,0.71,0.51
track_999,Song 999,Artist 75,Pop,125.4,0.81,0.6,0.47
