track_id,track_name,artist_name,genre,tempo,energy,valence,danceability
track_0,Song 0,Artist 27,EDM,119.3,0.79,0.5,0.15
track_1,Song 1,Artist 44,Indie,86.9,0.3,0.8,0.6
track_2,Song 2,Artist 62,EDM,115.5,0.78,0.92,0.56
track_3,Song 3,Artist 27,Metal,95.3,0.76,0.65,0.51
track_4,Song 4,Artist 3,Indie,73.9,0.3,0.06,0.64
track_5,Song 5,Artist 97,Metal,112.5,0.51,0.15,0.25
track_6,Song 6,Artist 58,EDM,113.0,0.77,0.57,0.9
track_7,Song 7,Artist 17,Hip-Hop,99.3,0.49,0.9,0.9
track_8,Song 8,Artist 44,Indie,84.9,0.55,0.77,0.88
track_9,Song 9,Artist 35,Metal,108.1,0.41,0.06,0.59
track_10,Song 10,Artist 8,Pop,70.3,0.27,0.38,0.76
track_11,Song 11,Artist 84,Metal,133.9,0.77,0.11,0.94
track_12,Song 12,Artist 96,Jazz,89.9,0.35,0.45,0.13
track_13,Song 13,Artist 34,Indie,107.1,0.1,0.08,0.47
track_14,Song 14,Artist 21,Rock,147.9,0.57,0.18,0.95
track_15,Song 15,Artist 15,Classical,85.5,0.22,0.67,0.48
track_16,Song 16,Artist 10,Pop,112.0,0.41,0.79,0.61
track_17,Song 17,Artist 69,Classical,64.5,0.27,0.88,0.49
track_18,Song 18,Artist 20,Classical,73.9,0.17,0.3,0.97
track_19,Song 19,Artist 56,Pop,107.2,0.44,0.79,0.67
track_20,Song 20,Artist 26,Jazz,78.5,0.2,0.34,0.79
track_21,Song 21,Artist 95,Metal,94.4,0.62,0.16,0.74
track_22,Song 22,Artist 2,Metal,144.9,0.67,0.11,0.7
track_23,Song 23,Artist 75,Indie,79.7,0.45,0.97,0.71
track_24,Song 24,Artist 66,Jazz,69.3,0.56,0.2,0.17
track_25,Song 25,Artist 52,Jazz,131.8,0.49,0.71,0.89
track_26,Song 26,Artist 70,Classical,80.3,0.14,0.18,0.16
track_27,Song 27,Artist 40,Rock,130.4,0.68,0.67,0.4
track_28,Song 28,Artist 84,Jazz,91.7,0.1,0.88,0.02
track_29,Song 29,Artist 52,Hip-Hop,70.4,0.37,0.95,0.87
track_30,Song 30,Artist 1,Jazz,114.7,0.15,0.4,0.11
track_31,Song 31,Artist 71,Metal,142.7,0.82,0.29,0.56
track_32,Song 32,Artist 24,EDM,131.3,0.85,0.82,0.11
track_33,Song 33,Artist 73,Jazz,87.1,0.26,0.0,0.23
track_34,Song 34,Artist 53,Pop,137.6,0.48,0.57,0.63
track_35,Song 35,Artist 90,Rock,95.9,0.77,0.0,0.27
track_36,Song 36,Artist 11,Classical,96.3,0.36,0.14,0.54
track_37,Song 37,Artist 83,Rock,115.3,0.88,0.89,0.68
track_38,Song 38,Artist 78,EDM,135.0,0.77,0.78,0.18
track_39,Song 39,Artist 83,Jazz,77.2,0.01,0.73,0.93
track_40,Song 40,Artist 58,Hip-Hop,93.3,0.63,0.85,0.01
track_41,Song 41,Artist 6,Pop,62.6,0.69,0.52,0.76
track_42,Song 42,Artist 48,EDM,105.6,0.6,0.04,0.74
track_43,Song 43,Artist 42,Hip-Hop,97.8,0.79,0.23,0.81
track_44,Song 44,Artist 11,Rock,120.8,0.77,0.84,0.32
track_45,Song 45,Artist 49,Pop,96.2,0.59,0.54,0.59
track_46,Song 46,Artist 8,Hip-Hop,80.6,0.36,0.25,0.29
track_47,Song 47,Artist 96,Classical,90.8,0.57,0.56,0.94
track_48,Song 48,Artist 12,Hip-Hop,138.3,0.34,0.08,0.14
track_49,Song 49,Artist 73,Classical,62.9,0.43,0.73,0.06
track_50,Song 50,Artist 83,Rock,85.2,0.61,0.87,0.34
track_51,Song 51,Artist 98,Hip-Hop,93.2,0.34,0.15,0.45
track_52,Song 52,Artist 62,Indie,78.9,0.21,0.65,0.84
track_53,Song 53,Artist 63,Indie,70.8,0.26,0.91,0.95
track_54,Song 54,Artist 90,Metal,113.6,0.42,0.21,0.14
track_55,Song 55,Artist 72,Hip-Hop,106.8,0.73,0.52,0.49
track_56,Song 56,Artist 26,Rock,131.2,0.77,0.21,0.95
track_57,Song 57,Artist 68,EDM,121.8,0.82,0.21,0.24
track_58,Song 58,Artist 15,Pop,117.7,0.51,0.74,0.13
track_59,Song 59,Artist 33,Rock,137.4,0.62,0.62,0.62
track_60,Song 60,Artist 56,Indie,60.0,0.37,0.73,0.12
track_61,Song 61,Artist 56,Jazz,101.1,0.0,0.49,0.7
track_62,Song 62,Artist 21,Rock,84.9,0.71,0.14,0.15
track_63,Song 63,Artist 97,Indie,83.1,0.44,0.63,0.4
track_64,Song 64,Artist 34,Indie,87.2,0.52,0.92,0.75
track_65,Song 65,Artist 43,Pop,75.1,0.4,0.73,0.05
track_66,Song 66,Artist 21,Jazz,89.3,0.14,0.64,0.95
track_67,Song 67,Artist 83,EDM,139.7,0.67,0.4,0.4
track_68,Song 68,Artist 18,Pop,91.0,0.74,0.05,0.3
track_69,Song 69,Artist 4,Jazz,78.1,0.53,0.4,0.27
track_70,Song 70,Artist 53,Hip-Hop,101.9,0.32,0.63,0.05
track_71,Song 71,Artist 19,Classical,74.2,0.36,0.68,0.38
track_72,Song 72,Artist 54,Metal,106.2,0.76,0.01,0.46
track_73,Song 73,Artist 26,Hip-Hop,112.5,0.32,0.69,0.56
track_74,Song 74,Artist 97,Metal,105.9,0.82,0.08,0.5
track_75,Song 75,Artist 17,Hip-Hop,118.8,0.61,0.14,0.76
track_76,Song 76,Artist 86,EDM,97.8,0.81,0.82,0.26
track_77,Song 77,Artist 48,Metal,130.7,0.55,0.75,0.19
track_78,Song 78,Artist 40,Classical,104.1,0.59,0.23,0.7
track_79,Song 79,Artist 75,Classical,107.5,0.16,0.85,0.0
track_80,Song 80,Artist 27,Rock,151.5,0.89,0.04,0.31
track_81,Song 81,Artist 30,Jazz,60.0,0.34,0.37,0.51
track_82,Song 82,Artist 57,Jazz,101.0,0.15,0.3,0.44
track_83,Song 83,Artist 45,EDM,117.3,0.78,0.44,0.08
track_84,Song 84,Artist 22,Rock,127.2,0.42,0.67,0.42
track_85,Song 85,Artist 84,Pop,97.6,0.46,0.46,0.91
track_86,Song 86,Artist 50,Jazz,70.0,0.15,0.68,0.71
track_87,Song 87,Artist 10,Jazz,67.6,0.42,0.94,0.91
track_88,Song 88,Artist 79,Rock,92.7,0.61,0.99,0.46
track_89,Song 89,Artist 39,Indie,120.1,0.48,0.54,0.7
track_90,Song 90,Artist 65,Rock,125.7,0.68,0.89,0.35
track_91,Song 91,Artist 49,EDM,124.3,0.74,0.75,0.77
track_92,Song 92,Artist 83,Jazz,62.7,0.06,0.15,0.29
track_93,Song 93,Artist 59,Pop,130.3,0.62,0.5,0.55
track_94,Song 94,Artist 83,Jazz,72.9,0.25,0.08,0.75
track_95,Song 95,Artist 65,Classical,117.3,0.38,0.46,0.89
track_96,Song 96,Artist 78,Jazz,70.3,0.14,0.49,0.37
track_97,Song 97,Artist 70,EDM,134.9,0.67,0.07,0.31
track_98,Song 98,Artist 75,Classical,109.0,0.42,0.82,0.51
track_99,Song 99,Artist 62,Rock,131.7,0.54,0.04,0.92
track_100,Song 100,Artist 33,Jazz,60.0,0.41,0.87,0.82
track_101,Song 101,Artist 65,Pop,134.2,0.67,0.32,0.12
track_102,Song 102,Artist 68,Indie,76.9,0.52,0.9,0.42
track_103,Song 103,Artist 77,Metal,120.3,0.85,0.63,0.34
track_104,Song 104,Artist 16,Metal,110.3,0.84,0.94,0.19
track_105,Song 105,Artist 97,Jazz,101.7,0.28,0.31,0.38
track_106,Song 106,Artist 74,Rock,133.0,0.69,0.4,0.6
track_107,Song 107,Artist 33,EDM,157.3,0.7,0.63,0.97
track_108,Song 108,Artist 22,Metal,115.4,0.57,0.94,0.07
track_109,Song 109,Artist 25,Rock,110.1,0.93,0.89,0.16
track_110,Song 110,Artist 13,Classical,86.6,0.25,0.77,0.05
track_111,Song 111,Artist 66,Classical,77.6,0.27,0.92,0.36
track_112,Song 112,Artist 28,Metal,113.8,0.75,0.52,0.44
track_113,Song 113,Artist 32,Pop,92.5,0.42,0.67,0.75
track_114,Song 114,Artist 45,Hip-Hop,96.7,0.73,0.32,0.29
track_115,Song 115,Artist 39,Pop,99.2,0.52,0.13,0.69
track_116,Song 116,Artist 80,Indie,81.9,0.57,0.45,0.59
track_117,Song 117,Artist 51,Metal,100.6,0.84,0.17,0.82
track_118,Song 118,Artist 66,Jazz,64.1,0.44,0.88,0.01
track_119,Song 119,Artist 31,Indie,60.0,0.34,0.11,0.34
track_120,Song 120,Artist 33,Jazz,99.3,0.29,0.93,0.2
track_121,Song 121,Artist 72,Pop,95.7,0.47,0.71,0.46
track_122,Song 122,Artist 30,Indie,94.7,0.46,0.91,0.7
track_123,Song 123,Artist 58,Indie,88.3,0.26,0.71,0.21
track_124,Song 124,Artist 38,EDM,130.5,0.78,0.75,0.57
track_125,Song 125,Artist 37,EDM,137.0,0.7,0.56,0.46
track_126,Song 126,Artist 70,Metal,124.3,0.63,0.65,0.63
track_127,Song 127,Artist 38,Metal,128.4,0.63,0.85,0.16
track_128,Song 128,Artist 4,Hip-Hop,112.5,0.17,0.73,0.57
track_129,Song 129,Artist 4,Metal,117.1,0.87,0.6,0.96
track_130,Song 130,Artist 63,Jazz,114.3,0.46,0.48,0.07
track_131,Song 131,Artist 80,EDM,139.4,0.93,0.15,0.47
track_132,Song 132,Artist 39,EDM,146.3,0.61,0.86,0.93
track_133,Song 133,Artist 69,Metal,133.4,0.64,0.92,0.06
track_134,Song 134,Artist 63,Pop,84.8,0.7,0.21,0.09
track_135,Song 135,Artist 69,EDM,104.7,0.63,0.34,0.97
track_136,Song 136,Artist 70,Classical,60.0,0.35,0.58,0.53
track_137,Song 137,Artist 16,EDM,115.4,0.72,0.76,0.54
track_138,Song 138,Artist 83,EDM,146.1,0.66,0.94,0.01
track_139,Song 139,Artist 96,Rock,108.8,0.47,0.03,0.56
track_140,Song 140,Artist 16,Indie,71.2,0.18,0.07,0.16
track_141,Song 141,Artist 56,Classical,89.7,0.48,0.64,0.4
track_142,Song 142,Artist 27,Classical,102.5,0.37,0.34,0.1
track_143,Song 143,Artist 18,Classical,99.7,0.19,0.21,0.12
track_144,Song 144,Artist 7,Rock,129.5,0.48,0.43,0.72
track_145,Song 145,Artist 50,Metal,149.8,0.66,0.66,0.86
track_146,Song 146,Artist 91,Indie,60.0,0.37,0.07,0.4
track_147,Song 147,Artist 93,Metal,128.3,0.77,0.38,0.53
track_148,Song 148,Artist 27,EDM,139.8,0.97,0.06,0.06
track_149,Song 149,Artist 44,Hip-Hop,68.3,0.41,0.51,0.55
track_150,Song 150,Artist 83,Metal,109.7,0.79,0.02,0.54
track_151,Song 151,Artist 41,Hip-Hop,60.1,0.62,0.65,0.5
track_152,Song 152,Artist 61,Rock,86.4,0.83,0.77,0.71
track_153,Song 153,Artist 30,Pop,106.6,0.37,0.51,0.41
track_154,Song 154,Artist 32,Indie,60.0,0.18,0.86,0.99
track_155,Song 155,Artist 21,Rock,151.2,0.72,0.56,0.61
track_156,Song 156,Artist 56,Pop,103.9,0.39,0.1,0.26
track_157,Song 157,Artist 98,Metal,108.5,0.8,0.84,0.66
track_158,Song 158,Artist 29,Indie,65.5,0.02,0.79,0.09
track_159,Song 159,Artist 64,Rock,122.4,0.88,0.32,0.24
track_160,Song 160,Artist 23,Rock,96.5,0.62,0.49,0.92
track_161,Song 161,Artist 32,EDM,126.4,0.68,0.99,0.38
track_162,Song 162,Artist 13,Rock,152.5,0.82,0.27,0.68
track_163,Song 163,Artist 42,EDM,98.0,0.44,0.31,0.01
track_164,Song 164,Artist 60,Metal,130.7,0.62,0.03,0.15
track_165,Song 165,Artist 42,Jazz,60.0,0.17,0.95,0.08
track_166,Song 166,Artist 35,Hip-Hop,135.9,0.67,0.32,0.18
track_167,Song 167,Artist 65,Indie,60.0,0.35,0.15,0.56
track_168,Song 168,Artist 7,Metal,111.9,0.41,0.81,0.19
track_169,Song 169,Artist 23,Metal,131.7,0.53,0.5,0.32
track_170,Song 170,Artist 48,Jazz,76.5,0.5,0.49,0.09
track_171,Song 171,Artist 66,Metal,110.3,0.32,0.83,0.06
track_172,Song 172,Artist 57,Rock,129.3,0.6,0.29,0.73
track_173,Song 173,Artist 42,Classical,87.1,0.14,0.58,0.53
track_174,Song 174,Artist 93,Pop,98.0,0.23,0.51,0.18
track_175,Song 175,Artist 94,Classical,95.2,0.02,0.62,0.3
track_176,Song 176,Artist 55,Indie,67.7,0.27,0.61,0.5
track_177,Song 177,Artist 20,Classical,100.0,0.17,0.88,0.62
track_178,Song 178,Artist 20,Jazz,96.2,0.39,0.98,0.18
track_179,Song 179,Artist 13,Indie,60.0,0.4,0.93,0.45
track_180,Song 180,Artist 27,EDM,117.9,0.75,0.18,0.8
track_181,Song 181,Artist 38,Hip-Hop,126.3,0.54,0.99,0.96
track_182,Song 182,Artist 3,Rock,106.1,0.59,0.34,0.9
track_183,Song 183,Artist 29,Pop,94.3,0.42,0.19,0.69
track_184,Song 184,Artist 69,Classical,103.9,0.58,0.99,0.84
track_185,Song 185,Artist 31,Hip-Hop,60.0,0.46,0.33,0.02
track_186,Song 186,Artist 99,Rock,115.3,0.87,0.95,0.44
track_187,Song 187,Artist 24,Jazz,80.5,0.19,0.05,0.7
track_188,Song 188,Artist 41,EDM,128.8,0.63,0.78,0.45
track_189,Song 189,Artist 23,Metal,132.8,0.66,0.27,0.73
track_190,Song 190,Artist 4,Pop,60.0,0.47,0.07,0.62
track_191,Song 191,Artist 57,Classical,69.8,0.2,0.42,0.21
track_192,Song 192,Artist 92,Metal,117.3,0.83,0.78,0.74
track_193,Song 193,Artist 81,Metal,150.6,0.54,0.81,0.17
track_194,Song 194,Artist 94,Rock,96.4,0.73,0.99,0.27
track_195,Song 195,Artist 45,Jazz,86.3,0.4,0.07,0.14
track_196,Song 196,Artist 11,Metal,159.8,0.95,0.63,0.16
track_197,Song 197,Artist 51,Classical,80.4,0.28,0.81,0.08
track_198,Song 198,Artist 76,Jazz,60.0,0.34,0.58,0.62
track_199,Song 199,Artist 69,Metal,121.7,0.87,0.23,0.36
track_200,Song 200,Artist 95,Indie,60.0,0.32,0.65,0.61
track_201,Song 201,Artist 86,Rock,131.0,0.71,0.56,0.44
track_202,Song 202,Artist 8,EDM,122.4,0.53,0.77,0.6
track_203,Song 203,Artist 93,Indie,90.7,0.23,0.93,0.77
track_204,Song 204,Artist 8,Rock,115.4,0.72,0.38,0.94
track_205,Song 205,Artist 85,Classical,98.4,0.12,0.03,0.09
track_206,Song 206,Artist 53,Hip-Hop,135.6,0.36,0.56,0.37
track_207,Song 207,Artist 46,EDM,109.3,0.78,0.19,0.46
track_208,Song 208,Artist 16,Hip-Hop,100.2,0.52,0.97,0.33
track_209,Song 209,Artist 30,Classical,98.1,0.09,0.38,0.89
track_210,Song 210,Artist 18,Rock,114.8,0.54,0.3,0.7
track_211,Song 211,Artist 85,Metal,114.3,0.81,0.39,0.23
track_212,Song 212,Artist 96,Rock,122.3,0.8,0.23,0.96
track_213,Song 213,Artist 44,Classical,60.0,0.3,0.82,0.56
track_214,Song 214,Artist 20,Metal,107.3,0.59,0.67,0.1
track_215,Song 215,Artist 36,Classical,62.4,0.21,0.96,0.63
track_216,Song 216,Artist 98,Classical,72.0,0.47,0.41,1.0
track_217,Song 217,Artist 95,Pop,110.5,0.62,0.62,0.92
track_218,Song 218,Artist 25,Rock,123.8,0.82,0.94,0.36
track_219,Song 219,Artist 59,Rock,135.3,0.81,0.77,0.44
track_220,Song 220,Artist 91,Jazz,78.6,0.42,0.75,0.55
track_221,Song 221,Artist 4,Indie,78.5,0.01,0.68,0.08
track_222,Song 222,Artist 44,Pop,111.3,0.64,0.06,0.2
track_223,Song 223,Artist 61,Rock,130.8,0.59,0.48,0.46
track_224,Song 224,Artist 83,Pop,114.0,0.44,0.78,0.11
track_225,Song 225,Artist 72,Metal,110.9,0.59,0.08,0.38
track_226,Song 226,Artist 20,Jazz,129.8,0.22,0.77,0.93
track_227,Song 227,Artist 73,Classical,121.1,0.35,0.12,0.64
track_228,Song 228,Artist 2,Classical,100.3,0.2,0.84,0.13
track_229,Song 229,Artist 41,Hip-Hop,100.6,0.36,0.48,0.39
track_230,Song 230,Artist 86,Hip-Hop,82.5,0.46,0.85,0.5
track_231,Song 231,Artist 58,EDM,129.3,0.64,0.58,0.13
track_232,Song 232,Artist 94,Indie,60.0,0.46,0.92,0.22
track_233,Song 233,Artist 100,Classical,92.6,0.35,0.14,0.38
track_234,Song 234,Artist 3,Rock,110.8,0.55,0.97,0.43
track_235,Song 235,Artist 97,EDM,138.4,0.58,0.09,0.09
track_236,Song 236,Artist 31,Indie,60.0,0.77,0.57,0.56
track_237,Song 237,Artist 57,Classical,74.6,0.1,0.93,0.98
track_238,Song 238,Artist 33,Indie,77.2,0.42,0.4,0.39
track_239,Song 239,Artist 45,Indie,116.7,0.5,0.22,0.5
track_240,Song 240,Artist 18,Pop,117.2,0.47,0.13,0.75
track_241,Song 241,Artist 95,Hip-Hop,88.1,0.43,0.37,0.9
track_242,Song 242,Artist 45,Jazz,81.5,0.41,0.63,0.99
track_243,Song 243,Artist 36,EDM,80.4,0.67,0.53,0.41
track_244,Song 244,Artist 64,Classical,113.8,0.3,0.46,0.78
track_245,Song 245,Artist 93,Hip-Hop,120.3,0.36,0.97,0.07
track_246,Song 246,Artist 32,Rock,152.8,0.71,0.64,0.05
track_247,Song 247,Artist 50,Classical,79.8,0.19,0.96,0.96
track_248,Song 248,Artist 78,Classical,85.7,0.15,0.09,0.41
track_249,Song 249,Artist 37,EDM,117.6,0.57,0.48,0.02
track_250,Song 250,Artist 16,Pop,83.9,0.53,0.1,0.16
track_251,Song 251,Artist 72,Rock,93.1,0.62,0.48,0.69
track_252,Song 252,Artist 65,Hip-Hop,108.1,0.48,0.76,0.84
track_253,Song 253,Artist 89,Rock,114.8,0.76,0.61,0.47
track_254,Song 254,Artist 83,Classical,60.0,0.23,0.66,0.5
track_255,Song 255,Artist 32,Hip-Hop,120.3,0.57,0.6,0.31
track_256,Song 256,Artist 11,Hip-Hop,60.0,0.52,0.78,0.43
track_257,Song 257,Artist 60,Metal,132.8,0.77,0.44,0.46
track_258,Song 258,Artist 24,Pop,129.1,0.7,0.5,0.69
track_259,Song 259,Artist 80,EDM,134.2,0.74,0.53,0.3
track_260,Song 260,Artist 42,Rock,119.3,0.58,0.68,0.44
track_261,Song 261,Artist 93,Rock,115.2,0.92,0.92,0.06
track_262,Song 262,Artist 87,Metal,152.8,0.72,0.29,0.04
track_263,Song 263,Artist 81,Jazz,73.6,0.04,0.49,0.05
track_264,Song 264,Artist 42,EDM,126.9,0.53,0.35,0.92
track_265,Song 265,Artist 54,EDM,112.2,0.83,0.94,0.35
track_266,Song 266,Artist 27,EDM,98.7,0.58,0.19,0.23
track_267,Song 267,Artist 22,Jazz,84.0,0.31,0.82,0.09
track_268,Song 268,Artist 43,Pop,111.6,0.67,0.55,0.17
track_269,Song 269,Artist 85,Jazz,96.7,0.21,0.91,0.59
track_270,Song 270,Artist 68,Pop,104.2,0.18,0.46,0.23
track_271,Song 271,Artist 35,Rock,109.9,0.68,0.51,0.92
track_272,Song 272,Artist 95,Hip-Hop,124.2,0.19,0.71,0.92
track_273,Song 273,Artist 63,Classical,68.0,0.52,0.73,0.68
track_274,Song 274,Artist 6,Metal,91.2,0.74,0.67,0.14
track_275,Song 275,Artist 69,Metal,113.7,0.66,0.93,0.15
track_276,Song 276,Artist 51,Pop,106.8,0.82,0.38,0.5
track_277,Song 277,Artist 43,Indie,74.7,0.52,0.29,0.65
track_278,Song 278,Artist 13,EDM,152.6,0.56,0.84,0.55
track_279,Song 279,Artist 36,Indie,95.7,0.42,0.78,0.19
track_280,Song 280,Artist 83,Metal,122.0,0.75,0.39,0.53
track_281,Song 281,Artist 47,Pop,108.0,0.5,0.9,0.98
track_282,Song 282,Artist 61,Indie,86.4,0.26,0.1,0.59
track_283,Song 283,Artist 4,Hip-Hop,73.9,0.12,0.65,0.91
track_284,Song 284,Artist 14,EDM,121.9,0.54,0.61,0.13
track_285,Song 285,Artist 36,Indie,60.0,0.1,0.11,0.46
track_286,Song 286,Artist 77,Hip-Hop,99.9,0.53,0.25,0.85
track_287,Song 287,Artist 65,Indie,65.6,0.46,0.73,0.65
track_288,Song 288,Artist 97,Jazz,60.0,0.17,0.39,0.95
track_289,Song 289,Artist 11,Jazz,73.8,0.28,0.85,0.4
track_290,Song 290,Artist 9,EDM,97.7,0.88,0.2,0.85
track_291,Song 291,Artist 10,Rock,116.5,1.0,0.74,0.92
track_292,Song 292,Artist 81,EDM,97.7,0.82,0.26,0.63
track_293,Song 293,Artist 32,Pop,86.5,0.62,0.79,0.74
track_294,Song 294,Artist 42,Jazz,85.7,0.41,0.33,0.67
track_295,Song 295,Artist 26,EDM,126.7,0.43,0.84,0.57
track_296,Song 296,Artist 68,EDM,116.7,0.7,0.28,0.07
track_297,Song 297,Artist 11,Hip-Hop,80.9,0.43,0.09,0.2
track_298,Song 298,Artist 59,Hip-Hop,79.4,0.53,0.23,0.55
track_299,Song 299,Artist 11,Hip-Hop,129.3,0.74,0.1,0.6
track_300,Song 300,Artist 69,EDM,110.7,0.59,0.15,0.01
track_301,Song 301,Artist 70,Jazz,78.4,0.1,0.25,0.54
track_302,Song 302,Artist 26,Pop,104.2,0.6,0.57,0.54
track_303,Song 303,Artist 3,Indie,70.1,0.25,0.37,0.11
track_304,Song 304,Artist 58,Classical,93.2,0.52,0.43,0.58
track_305,Song 305,Artist 26,Classical,60.0,0.49,0.99,0.57
track_306,Song 306,Artist 56,Indie,64.1,0.2,0.44,0.64
track_307,Song 307,Artist 60,Classical,104.7,0.47,0.67,0.86
track_308,Song 308,Artist 85,Classical,66.9,0.04,0.36,0.12
track_309,Song 309,Artist 88,Rock,120.3,0.41,0.43,0.25
track_310,Song 310,Artist 90,EDM,120.5,0.46,0.31,0.67
track_311,Song 311,Artist 73,Jazz,72.1,0.28,0.33,0.64
track_312,Song 312,Artist 55,Jazz,64.4,0.34,0.29,0.97
track_313,Song 313,Artist 23,Jazz,100.4,0.15,0.93,0.61
track_314,Song 314,Artist 45,Jazz,77.8,0.39,0.8,0.43
track_315,Song 315,Artist 82,Indie,86.2,0.24,0.85,0.46
track_316,Song 316,Artist 25,Indie,95.4,0.72,0.77,0.06
track_317,Song 317,Artist 57,Classical,71.9,0.23,0.86,0.67
track_318,Song 318,Artist 5,Classical,66.6,0.11,0.8,0.15
track_319,Song 319,Artist 75,Indie,72.2,0.49,0.98,0.76
track_320,Song 320,Artist 64,Pop,94.7,0.48,0.66,0.34
track_321,Song 321,Artist 11,Indie,87.9,0.24,0.79,0.48
track_322,Song 322,Artist 53,EDM,144.4,1.0,0.91,0.82
track_323,Song 323,Artist 55,Metal,139.7,0.79,0.9,0.15
track_324,Song 324,Artist 75,Pop,112.0,0.64,0.84,0.35
track_325,Song 325,Artist 88,EDM,113.0,0.67,0.06,0.4
track_326,Song 326,Artist 41,Metal,137.9,0.76,0.61,0.93
track_327,Song 327,Artist 2,Metal,105.8,0.91,0.12,0.52
track_328,Song 328,Artist 33,Metal,113.7,0.64,0.25,0.19
track_329,Song 329,Artist 75,Hip-Hop,109.5,0.54,0.87,0.37
track_330,Song 330,Artist 75,Jazz,60.0,0.21,0.33,0.52
track_331,Song 331,Artist 4,Pop,90.5,0.55,0.85,0.4
track_332,Song 332,Artist 74,Rock,126.5,0.62,0.47,0.49
track_333,Song 333,Artist 22,Hip-Hop,61.9,0.11,0.57,0.11
track_334,Song 334,Artist 53,Indie,70.0,0.17,0.65,0.27
track_335,Song 335,Artist 29,Metal,109.8,0.68,0.85,0.96
track_336,Song 336,Artist 34,Jazz,60.0,0.33,0.05,0.51
track_337,Song 337,Artist 57,Metal,93.6,0.59,0.17,0.6
track_338,Song 338,Artist 71,Hip-Hop,86.0,0.72,0.11,0.06
track_339,Song 339,Artist 91,Classical,75.6,0.4,0.5,0.82
track_340,Song 340,Artist 3,Hip-Hop,66.4,0.46,0.02,0.44
track_341,Song 341,Artist 31,Rock,123.3,0.93,0.93,0.94
track_342,Song 342,Artist 15,Jazz,60.0,0.31,0.08,0.4
track_343,Song 343,Artist 94,Indie,120.6,0.28,0.33,0.37
track_344,Song 344,Artist 30,Pop,92.8,0.48,0.28,0.46
track_345,Song 345,Artist 6,Hip-Hop,118.4,0.49,0.95,0.94
track_346,Song 346,Artist 24,Classical,86.6,0.2,0.2,0.06
track_347,Song 347,Artist 17,Indie,79.9,0.32,0.93,0.35
track_348,Song 348,Artist 43,Indie,63.6,0.38,0.56,0.41
track_349,Song 349,Artist 50,Hip-Hop,100.6,0.51,0.79,0.75
track_350,Song 350,Artist 63,Classical,60.0,0.0,0.59,0.41
track_351,Song 351,Artist 21,Pop,91.2,0.48,0.59,0.1
track_352,Song 352,Artist 88,Indie,100.2,0.17,1.0,0.37
track_353,Song 353,Artist 80,Pop,106.0,0.52,0.47,0.65
track_354,Song 354,Artist 93,Metal,128.1,0.6,0.74,0.28
track_355,Song 355,Artist 7,Jazz,71.6,0.44,0.11,0.98
track_356,Song 356,Artist 73,Jazz,68.9,0.14,0.29,0.1
track_357,Song 357,Artist 2,Indie,73.0,0.29,0.75,0.84
track_358,Song 358,Artist 99,Classical,75.3,0.23,0.22,0.54
track_359,Song 359,Artist 1,Rock,120.9,0.7,0.25,0.05
track_360,Song 360,Artist 68,Rock,129.3,0.51,0.88,0.78
track_361,Song 361,Artist 39,Indie,89.8,0.42,0.76,0.53
track_362,Song 362,Artist 44,Metal,156.4,0.66,0.25,0.04
track_363,Song 363,Artist 81,Classical,101.5,0.42,0.32,0.59
track_364,Song 364,Artist 81,Metal,122.2,0.61,0.54,0.65
track_365,Song 365,Artist 38,Pop,99.3,0.3,0.21,0.94
track_366,Song 366,Artist 92,Hip-Hop,75.6,0.52,0.64,0.07
track_367,Song 367,Artist 20,Pop,82.4,0.5,0.21,0.52
track_368,Song 368,Artist 16,Jazz,112.9,0.22,0.6,0.22
track_369,Song 369,Artist 94,Metal,168.1,0.44,0.22,0.52
track_370,Song 370,Artist 20,Classical,88.9,0.22,0.48,0.89
track_371,Song 371,Artist 48,Classical,124.4,0.1,0.73,0.94
track_372,Song 372,Artist 3,Rock,72.1,0.72,0.4,0.15
track_373,Song 373,Artist 37,Hip-Hop,108.7,0.53,0.66,0.73
track_374,Song 374,Artist 90,Hip-Hop,137.0,0.83,0.01,0.27
track_375,Song 375,Artist 94,Hip-Hop,104.8,0.46,0.71,0.84
track_376,Song 376,Artist 51,Metal,123.5,0.74,0.43,0.8
track_377,Song 377,Artist 78,Hip-Hop,129.6,0.44,0.87,0.99
track_378,Song 378,Artist 15,Pop,108.3,0.29,0.28,0.71
track_379,Song 379,Artist 92,Classical,81.9,0.17,0.45,0.13
track_380,Song 380,Artist 84,Classical,90.3,0.6,0.42,0.14
track_381,Song 381,Artist 30,Metal,117.0,0.92,0.54,0.72
track_382,Song 382,Artist 37,Metal,121.3,0.65,0.02,0.36
track_383,Song 383,Artist 32,Jazz,102.8,0.29,0.06,0.43
track_384,Song 384,Artist 35,EDM,63.0,1.0,0.77,0.96
track_385,Song 385,Artist 96,Metal,93.1,0.62,0.53,0.86
track_386,Song 386,Artist 84,Hip-Hop,94.6,0.48,0.17,0.3
track_387,Song 387,Artist 6,Pop,126.1,0.68,0.95,0.49
track_388,Song 388,Artist 19,Rock,106.2,0.59,0.49,0.27
track_389,Song 389,Artist 47,Pop,79.8,0.33,0.4,0.89
track_390,Song 390,Artist 20,Rock,130.4,0.43,0.89,0.73
track_391,Song 391,Artist 18,Classical,60.0,0.42,0.67,0.59
track_392,Song 392,Artist 17,Jazz,60.0,0.19,0.12,0.56
track_393,Song 393,Artist 53,Hip-Hop,79.8,0.66,0.44,0.25
track_394,Song 394,Artist 20,Pop,87.9,0.27,0.2,0.87
track_395,Song 395,Artist 56,Classical,72.2,0.27,0.58,0.77
track_396,Song 396,Artist 11,Classical,109.0,0.35,0.79,0.98
track_397,Song 397,Artist 75,EDM,102.8,0.4,0.42,0.68
track_398,Song 398,Artist 69,Jazz,60.0,0.29,0.92,0.61
track_399,Song 399,Artist 37,Rock,107.3,0.89,0.64,0.79
track_400,Song 400,Artist 14,Metal,114.2,0.64,0.96,0.72
track_401,Song 401,Artist 1,Metal,125.1,0.48,0.82,0.16
track_402,Song 402,Artist 4,Pop,98.9,0.51,0.09,0.76
track_403,Song 403,Artist 67,Jazz,73.7,0.29,0.38,0.79
track_404,Song 404,Artist 89,Metal,120.4,0.8,0.63,0.81
track_405,Song 405,Artist 52,Hip-Hop,97.5,0.61,0.71,0.24
track_406,Song 406,Artist 34,Rock,148.0,0.64,0.79,0.94
track_407,Song 407,Artist 56,Jazz,75.7,0.44,0.28,0.35
track_408,Song 408,Artist 24,Classical,67.5,0.43,0.12,0.11
track_409,Song 409,Artist 70,Hip-Hop,122.9,0.39,0.14,0.95
track_410,Song 410,Artist 14,Rock,143.7,0.76,0.32,0.4
track_411,Song 411,Artist 55,Hip-Hop,157.1,0.43,0.25,0.09
track_412,Song 412,Artist 97,Pop,90.3,0.69,0.15,0.62
track_413,Song 413,Artist 96,Rock,131.5,0.71,0.43,0.42
track_414,Song 414,Artist 41,Metal,123.2,0.73,0.65,0.04
track_415,Song 415,Artist 7,Jazz,67.6,0.37,0.35,0.19
track_416,Song 416,Artist 23,Rock,110.7,0.59,0.95,0.28
track_417,Song 417,Artist 2,Hip-Hop,98.3,0.2,0.97,0.26
track_418,Song 418,Artist 90,Rock,135.3,0.44,0.06,0.11
track_419,Song 419,Artist 65,Metal,79.2,0.63,0.67,0.4
track_420,Song 420,Artist 95,Indie,96.5,0.18,0.6,0.78
track_421,Song 421,Artist 76,Classical,90.2,0.13,0.63,0.43
track_422,Song 422,Artist 23,Metal,140.3,0.79,0.05,0.32
track_423,Song 423,Artist 54,Jazz,89.2,0.33,0.93,0.26
track_424,Song 424,Artist 45,Indie,99.1,0.16,0.73,0.1
track_425,Song 425,Artist 70,Classical,79.5,0.42,0.02,0.47
track_426,Song 426,Artist 72,Pop,89.5,0.35,0.85,0.78
track_427,Song 427,Artist 95,Indie,70.0,0.04,0.97,0.85
track_428,Song 428,Artist 27,Hip-Hop,100.9,0.57,0.37,0.94
track_429,Song 429,Artist 74,Rock,131.7,0.54,1.0,0.62
track_430,Song 430,Artist 33,Pop,133.6,0.37,0.43,0.42
track_431,Song 431,Artist 85,Jazz,60.0,0.48,0.67,0.62
track_432,Song 432,Artist 36,Pop,124.4,0.62,0.68,0.78
track_433,Song 433,Artist 11,Metal,140.0,0.89,0.1,0.23
track_434,Song 434,Artist 34,Jazz,85.5,0.55,0.36,0.98
track_435,Song 435,Artist 1,Jazz,86.4,0.4,0.98,0.99
track_436,Song 436,Artist 72,Hip-Hop,119.2,0.6,0.67,0.24
track_437,Song 437,Artist 100,Metal,116.0,0.9,1.0,0.55
track_438,Song 438,Artist 65,Hip-Hop,121.4,0.52,0.02,0.27
track_439,Song 439,Artist 58,Hip-Hop,115.5,0.42,0.5,0.75
track_440,Song 440,Artist 80,Classical,98.1,0.12,0.12,0.49
track_441,Song 441,Artist 96,Hip-Hop,106.6,0.18,0.9,0.4
track_442,Song 442,Artist 27,Pop,81.8,0.47,0.52,0.26
track_443,Song 443,Artist 68,EDM,125.1,0.95,0.62,0.77
track_444,Song 444,Artist 74,EDM,147.3,0.61,0.35,0.95
track_445,Song 445,Artist 32,Rock,110.1,0.49,0.83,0.81
track_446,Song 446,Artist 93,Indie,92.7,0.16,0.93,0.16
track_447,Song 447,Artist 26,Jazz,82.3,0.26,0.43,0.8
track_448,Song 448,Artist 12,Metal,106.3,0.71,0.32,0.91
track_449,Song 449,Artist 63,EDM,99.3,0.66,0.93,0.85
track_450,Song 450,Artist 88,Jazz,72.6,0.46,0.65,0.65
track_451,Song 451,Artist 6,Jazz,88.9,0.48,0.89,0.57
track_452,Song 452,Artist 32,Indie,100.9,0.48,0.38,0.26
track_453,Song 453,Artist 85,Classical,93.3,0.17,0.73,0.61
track_454,Song 454,Artist 27,Rock,129.6,0.7,0.12,0.44
track_455,Song 455,Artist 3,Hip-Hop,104.8,0.37,0.65,0.88
track_456,Song 456,Artist 16,Metal,108.0,0.82,0.17,0.33
track_457,Song 457,Artist 36,Classical,106.8,0.11,0.44,0.72
track_458,Song 458,Artist 20,Classical,62.1,0.38,0.1,0.88
track_459,Song 459,Artist 93,Indie,97.6,0.22,0.95,0.43
track_460,Song 460,Artist 64,Classical,98.3,0.26,0.6,0.6
track_461,Song 461,Artist 1,Metal,104.8,0.7,0.81,0.38
track_462,Song 462,Artist 26,EDM,110.9,0.66,0.89,0.39
track_463,Song 463,Artist 12,EDM,137.0,0.74,0.03,0.21
track_464,Song 464,Artist 21,Hip-Hop,132.1,0.64,0.62,0.94
track_465,Song 465,Artist 87,Rock,108.6,0.56,0.13,0.06
track_466,Song 466,Artist 40,Metal,119.3,0.88,0.95,0.65
track_467,Song 467,Artist 12,Metal,102.6,0.83,0.65,0.14
track_468,Song 468,Artist 61,Jazz,83.2,0.24,0.21,0.48
track_469,Song 469,Artist 10,Jazz,76.2,0.26,0.49,0.51
track_470,Song 470,Artist 82,Rock,113.3,0.63,0.83,0.15
track_471,Song 471,Artist 44,Classical,92.0,0.0,0.23,0.04
track_472,Song 472,Artist 100,Pop,117.8,0.55,0.42,0.26
track_473,Song 473,Artist 18,Jazz,72.0,0.53,0.81,0.86
track_474,Song 474,Artist 50,Rock,119.6,0.6,0.47,0.17
track_475,Song 475,Artist 23,Jazz,65.3,0.48,0.71,0.59
track_476,Song 476,Artist 32,Metal,149.1,0.46,0.68,0.02
track_477,Song 477,Artist 92,Pop,108.4,0.51,0.22,0.96
track_478,Song 478,Artist 15,Indie,83.9,0.08,0.46,0.78
track_479,Song 479,Artist 38,Classical,60.0,0.29,0.73,0.06
track_480,Song 480,Artist 23,Jazz,69.5,0.28,0.65,0.66
track_481,Song 481,Artist 85,Pop,92.0,0.23,0.12,0.43
track_482,Song 482,Artist 91,Hip-Hop,109.9,0.68,0.78,0.51
track_483,Song 483,Artist 32,Rock,122.4,0.68,0.09,0.56
track_484,Song 484,Artist 63,Indie,62.8,0.08,0.98,0.7
track_485,Song 485,Artist 41,Pop,137.2,0.74,0.66,0.65
track_486,Song 486,Artist 50,Rock,79.2,0.65,0.35,0.5
track_487,Song 487,Artist 11,Metal,156.9,0.84,0.2,0.36
track_488,Song 488,Artist 47,Rock,133.4,0.52,0.15,0.73
track_489,Song 489,Artist 8,EDM,124.7,0.71,0.81,0.23
track_490,Song 490,Artist 98,Hip-Hop,124.8,0.55,0.83,0.99
track_491,Song 491,Artist 47,Indie,97.4,0.44,0.19,0.11
track_492,Song 492,Artist 2,Metal,76.4,0.63,0.75,0.73
track_493,Song 493,Artist 62,Hip-Hop,117.6,0.41,0.85,0.33
track_494,Song 494,Artist 57,Hip-Hop,100.0,0.34,0.72,0.57
track_495,Song 495,Artist 25,Metal,108.0,0.78,0.64,0.67
track_496,Song 496,Artist 52,Hip-Hop,116.3,0.53,0.7,0.26
track_497,Song 497,Artist 62,Pop,117.5,0.53,0.2,0.14
track_498,Song 498,Artist 94,EDM,171.8,0.63,0.03,0.4
track_499,Song 499,Artist 10,EDM,120.3,0.52,0.86,0.41
track_500,Song 500,Artist 44,Rock,120.4,0.88,0.82,0.34
track_501,Song 501,Artist 8,Classical,83.7,0.08,0.41,0.71
track_502,Song 502,Artist 53,Hip-Hop,106.4,0.41,0.66,0.74
track_503,Song 503,Artist 59,EDM,102.8,0.78,0.94,0.85
track_504,Song 504,Artist 32,Hip-Hop,93.9,0.66,0.24,0.87
track_505,Song 505,Artist 62,Rock,116.1,0.96,0.89,0.83
track_506,Song 506,Artist 45,Metal,125.7,0.63,0.87,0.34
track_507,Song 507,Artist 43,Indie,60.0,0.09,0.11,0.72
track_508,Song 508,Artist 72,Indie,129.8,0.38,0.06,0.07
track_509,Song 509,Artist 54,Metal,129.0,0.61,0.1,0.76
track_510,Song 510,Artist 14,EDM,145.9,0.61,0.86,0.91
track_511,Song 511,Artist 94,Hip-Hop,135.7,0.8,0.12,0.86
track_512,Song 512,Artist 35,EDM,119.1,0.91,0.67,0.64
track_513,Song 513,Artist 65,Indie,70.3,0.51,0.44,0.34
track_514,Song 514,Artist 89,Rock,70.9,0.7,0.69,0.11
track_515,Song 515,Artist 31,Metal,119.4,0.78,0.43,0.38
track_516,Song 516,Artist 39,Classical,94.3,0.22,0.54,0.86
track_517,Song 517,Artist 81,EDM,75.2,0.42,0.58,0.92
track_518,Song 518,Artist 70,Pop,119.2,0.47,0.54,0.63
track_519,Song 519,Artist 49,Classical,150.6,0.2,0.34,0.75
track_520,Song 520,Artist 82,Pop,79.4,0.48,0.16,0.21
track_521,Song 521,Artist 6,Indie,66.7,0.29,0.94,0.4
track_522,Song 522,Artist 15,Pop,95.0,0.34,0.53,0.96
track_523,Song 523,Artist 1,EDM,102.3,0.8,0.48,0.09
track_524,Song 524,Artist 48,Rock,156.4,0.68,0.94,0.03
track_525,Song 525,Artist 64,Pop,75.5,0.63,0.3,0.22
track_526,Song 526,Artist 15,Indie,60.0,0.46,0.57,0.57
track_527,Song 527,Artist 96,Hip-Hop,111.5,0.64,0.29,0.59
track_528,Song 528,Artist 63,Metal,111.3,0.63,0.76,0.04
track_529,Song 529,Artist 70,Indie,99.1,0.17,0.84,0.47
track_530,Song 530,Artist 52,Pop,92.6,0.5,0.68,0.31
track_531,Song 531,Artist 84,Jazz,60.0,0.2,0.52,0.71
track_532,Song 532,Artist 15,Hip-Hop,65.3,0.59,0.08,0.28
track_533,Song 533,Artist 27,EDM,116.1,0.71,0.9,0.64
track_534,Song 534,Artist 41,Rock,99.0,0.38,0.67,0.71
track_535,Song 535,Artist 53,EDM,90.3,0.68,0.01,0.28
track_536,Song 536,Artist 95,Hip-Hop,107.9,0.56,0.45,0.27
track_537,Song 537,Artist 51,Metal,131.1,0.92,0.72,0.55
track_538,Song 538,Artist 55,Rock,128.8,0.76,0.09,0.01
track_539,Song 539,Artist 99,Jazz,84.8,0.29,0.49,0.37
track_540,Song 540,Artist 46,Classical,70.8,0.21,0.66,0.3
track_541,Song 541,Artist 17,Classical,60.0,0.32,0.36,0.47
track_542,Song 542,Artist 35,Classical,105.4,0.31,0.14,0.19
track_543,Song 543,Artist 84,Hip-Hop,81.2,0.59,0.4,0.62
track_544,Song 544,Artist 5,Metal,121.1,0.74,0.01,0.56
track_545,Song 545,Artist 46,Pop,81.1,0.75,0.81,0.05
track_546,Song 546,Artist 34,Metal,114.2,0.58,0.92,0.91
track_547,Song 547,Artist 18,Pop,103.8,0.61,0.04,0.55
track_548,Song 548,Artist 64,Rock,126.1,0.53,0.86,0.82
track_549,Song 549,Artist 18,EDM,93.0,1.0,0.09,0.95
track_550,Song 550,Artist 9,Metal,118.9,0.83,0.4,0.89
track_551,Song 551,Artist 29,Metal,152.4,0.93,0.86,0.31
track_552,Song 552,Artist 24,Rock,136.0,0.74,0.16,0.08
track_553,Song 553,Artist 42,Metal,124.1,0.54,0.89,0.78
track_554,Song 554,Artist 33,Metal,122.7,0.9,0.49,0.68
track_555,Song 555,Artist 91,Classical,93.1,0.18,0.26,0.25
track_556,Song 556,Artist 64,Hip-Hop,90.9,0.6,0.01,0.88
track_557,Song 557,Artist 65,Pop,124.3,0.64,0.34,0.12
track_558,Song 558,Artist 48,Rock,120.8,0.65,0.2,0.6
track_559,Song 559,Artist 25,Jazz,76.7,0.39,0.95,0.83
track_560,Song 560,Artist 81,Rock,99.1,0.81,0.92,0.03
track_561,Song 561,Artist 25,Rock,86.5,0.71,0.33,0.01
track_562,Song 562,Artist 98,Hip-Hop,82.2,0.64,0.46,0.12
track_563,Song 563,Artist 66,Metal,129.5,0.8,0.85,0.98
track_564,Song 564,Artist 91,Indie,63.5,0.23,0.07,0.76
track_565,Song 565,Artist 76,Rock,188.4,0.52,0.45,0.42
track_566,Song 566,Artist 81,Rock,79.8,0.93,0.11,0.44
track_567,Song 567,Artist 22,Classical,60.0,0.0,0.19,0.71
track_568,Song 568,Artist 80,Classical,60.0,0.16,0.15,0.21
track_569,Song 569,Artist 27,Pop,108.3,0.58,0.46,0.85
track_570,Song 570,Artist 33,EDM,123.4,0.67,0.27,0.63
track_571,Song 571,Artist 7,Rock,130.9,0.84,0.66,0.6
track_572,Song 572,Artist 23,Pop,113.8,0.58,0.23,0.26
track_573,Song 573,Artist 49,Pop,119.1,0.6,0.75,0.05
track_574,Song 574,Artist 49,Metal,97.4,0.94,0.16,0.37
track_575,Song 575,Artist 25,Classical,78.7,0.35,0.28,0.26
track_576,Song 576,Artist 14,Pop,129.9,0.5,0.68,0.87
track_577,Song 577,Artist 47,Jazz,76.9,0.43,0.61,0.08
track_578,Song 578,Artist 72,Indie,112.2,0.15,0.72,0.19
track_579,Song 579,Artist 66,Classical,85.3,0.28,0.21,0.88
track_580,Song 580,Artist 72,Hip-Hop,112.5,0.41,0.15,0.55
track_581,Song 581,Artist 64,Hip-Hop,97.7,0.59,0.72,0.18
track_582,Song 582,Artist 57,Pop,118.0,0.49,0.24,0.48
track_583,Song 583,Artist 80,Classical,72.1,0.16,0.03,0.72
track_584,Song 584,Artist 20,Rock,102.6,0.69,0.27,0.49
track_585,Song 585,Artist 48,EDM,139.5,0.82,0.0,0.85
track_586,Song 586,Artist 70,Classical,75.0,0.39,0.07,0.66
track_587,Song 587,Artist 15,Pop,118.6,0.63,0.52,0.35
track_588,Song 588,Artist 19,Rock,123.1,0.59,0.83,0.41
track_589,Song 589,Artist 68,Jazz,88.6,0.49,0.17,0.3
track_590,Song 590,Artist 3,Hip-Hop,82.8,0.72,0.39,0.42
track_591,Song 591,Artist 6,EDM,128.5,0.91,0.77,0.35
track_592,Song 592,Artist 66,Metal,103.9,0.48,0.01,0.33
track_593,Song 593,Artist 20,EDM,90.8,0.64,0.77,0.62
track_594,Song 594,Artist 39,Pop,145.6,0.51,0.62,0.71
track_595,Song 595,Artist 40,Metal,123.8,0.51,1.0,0.24
track_596,Song 596,Artist 3,Jazz,60.0,0.38,0.24,0.26
track_597,Song 597,Artist 82,Hip-Hop,107.2,0.54,0.72,0.88
track_598,Song 598,Artist 96,Pop,103.5,0.59,0.41,0.4
track_599,Song 599,Artist 21,EDM,121.6,1.0,0.27,0.55
track_600,Song 600,Artist 73,Rock,78.2,0.7,0.42,0.28
track_601,Song 601,Artist 22,Pop,87.1,0.77,0.49,0.82
track_602,Song 602,Artist 87,Metal,122.7,0.62,0.79,0.03
track_603,Song 603,Artist 63,EDM,114.5,0.89,0.13,0.08
track_604,Song 604,Artist 14,Indie,72.3,0.48,0.66,0.99
track_605,Song 605,Artist 18,Pop,80.9,0.43,0.31,0.35
track_606,Song 606,Artist 36,Pop,85.8,0.4,0.65,0.86
track_607,Song 607,Artist 85,Pop,112.7,0.64,0.94,0.23
track_608,Song 608,Artist 97,Jazz,116.0,0.29,0.99,0.25
track_609,Song 609,Artist 21,Hip-Hop,154.7,0.68,0.22,0.44
track_610,Song 610,Artist 25,Hip-Hop,122.9,0.59,0.17,0.13
track_611,Song 611,Artist 91,Pop,91.8,0.64,0.69,0.03
track_612,Song 612,Artist 99,Indie,94.8,0.28,0.54,0.35
track_613,Song 613,Artist 10,Pop,81.4,0.63,0.79,0.24
track_614,Song 614,Artist 42,Indie,60.0,0.17,0.56,0.37
track_615,Song 615,Artist 45,Pop,88.9,0.39,0.66,0.16
track_616,Song 616,Artist 35,EDM,135.3,0.73,0.66,0.97
track_617,Song 617,Artist 41,Hip-Hop,91.9,0.2,0.63,0.65
track_618,Song 618,Artist 47,Classical,84.3,0.59,0.13,0.0
track_619,Song 619,Artist 52,Metal,94.8,0.52,0.21,0.01
track_620,Song 620,Artist 72,Pop,106.9,0.58,0.84,0.88
track_621,Song 621,Artist 92,Classical,60.0,0.38,0.83,0.75
track_622,Song 622,Artist 9,Classical,109.1,0.41,0.64,0.62
track_623,Song 623,Artist 83,Classical,121.1,0.29,0.09,0.62
track_624,Song 624,Artist 9,Hip-Hop,108.8,0.66,0.26,0.54
track_625,Song 625,Artist 52,Classical,85.2,0.32,0.79,0.41
track_626,Song 626,Artist 47,Indie,79.8,0.34,0.67,0.53
track_627,Song 627,Artist 60,Pop,85.6,0.67,0.13,0.82
track_628,Song 628,Artist 40,Metal,92.9,0.59,0.79,0.64
track_629,Song 629,Artist 16,Indie,66.7,0.24,0.48,0.1
track_630,Song 630,Artist 79,EDM,158.2,0.68,0.02,0.04
track_631,Song 631,Artist 10,EDM,122.2,0.63,0.65,0.4
track_632,Song 632,Artist 27,Indie,80.6,0.3,0.78,0.19
track_633,Song 633,Artist 27,Pop,125.3,0.57,0.86,0.26
track_634,Song 634,Artist 4,EDM,142.7,0.67,0.48,0.57
track_635,Song 635,Artist 58,Rock,74.6,0.81,0.99,0.39
track_636,Song 636,Artist 56,Indie,95.2,0.03,0.82,0.23
track_637,Song 637,Artist 93,Metal,140.1,0.55,0.91,0.32
track_638,Song 638,Artist 53,Jazz,70.3,0.55,0.08,0.87
track_639,Song 639,Artist 40,Pop,117.3,0.38,0.17,0.63
track_640,Song 640,Artist 24,Indie,113.7,0.5,0.13,0.96
track_641,Song 641,Artist 81,Rock,111.6,0.47,0.47,0.34
track_642,Song 642,Artist 16,Rock,85.0,0.92,0.19,0.68
track_643,Song 643,Artist 16,Jazz,88.8,0.04,0.25,0.54
track_644,Song 644,Artist 10,Metal,134.3,0.85,0.62,0.19
track_645,Song 645,Artist 20,Hip-Hop,71.4,0.35,0.04,0.5
track_646,Song 646,Artist 42,Metal,122.5,0.91,0.89,0.65
track_647,Song 647,Artist 94,Classical,80.4,0.43,0.13,0.39
track_648,Song 648,Artist 27,Hip-Hop,96.9,0.73,0.74,0.57
track_649,Song 649,Artist 86,Metal,132.9,0.81,0.19,0.32
track_650,Song 650,Artist 43,Jazz,60.0,0.34,0.86,0.67
track_651,Song 651,Artist 72,Indie,89.2,0.32,0.03,0.86
track_652,Song 652,Artist 43,Indie,74.3,0.19,0.86,0.84
track_653,Song 653,Artist 63,Indie,60.0,0.3,0.58,0.86
track_654,Song 654,Artist 99,Metal,119.8,0.81,0.5,0.67
track_655,Song 655,Artist 43,Indie,73.9,0.19,0.74,0.38
track_656,Song 656,Artist 76,EDM,77.3,0.23,0.89,0.15
track_657,Song 657,Artist 50,Pop,105.2,0.43,0.15,0.05
track_658,Song 658,Artist 97,Metal,111.6,0.85,1.0,0.81
track_659,Song 659,Artist 21,Metal,124.8,0.5,0.31,0.56
track_660,Song 660,Artist 40,EDM,97.8,0.68,0.57,0.88
track_661,Song 661,Artist 28,Jazz,113.4,0.2,0.99,0.34
track_662,Song 662,Artist 32,Hip-Hop,92.4,0.47,0.01,0.07
track_663,Song 663,Artist 14,EDM,117.4,0.64,0.27,0.94
track_664,Song 664,Artist 77,Metal,131.7,0.91,0.76,0.95
track_665,Song 665,Artist 51,EDM,75.7,0.46,0.48,0.39
track_666,Song 666,Artist 8,Metal,115.3,0.62,0.33,0.25
track_667,Song 667,Artist 22,Metal,102.0,0.48,0.88,0.76
track_668,Song 668,Artist 68,Hip-Hop,99.4,0.18,0.12,0.99
track_669,Song 669,Artist 28,EDM,140.0,0.81,0.15,0.99
track_670,Song 670,Artist 42,Classical,70.3,0.5,0.26,0.26
track_671,Song 671,Artist 62,Hip-Hop,88.4,0.7,0.42,0.95
track_672,Song 672,Artist 24,Rock,121.1,0.71,0.96,0.84
track_673,Song 673,Artist 15,Rock,131.5,0.69,0.79,0.39
track_674,Song 674,Artist 13,Rock,126.9,1.0,0.52,0.87
track_675,Song 675,Artist 100,EDM,103.6,0.78,0.42,0.52
track_676,Song 676,Artist 58,EDM,144.0,0.62,0.06,0.94
track_677,Song 677,Artist 69,Rock,91.3,0.73,0.59,0.1
track_678,Song 678,Artist 43,Hip-Hop,75.0,0.34,0.38,0.57
track_679,Song 679,Artist 29,Pop,96.5,0.59,0.42,0.83
track_680,Song 680,Artist 100,Metal,118.9,0.62,0.49,0.49
track_681,Song 681,Artist 9,Indie,73.5,0.08,0.69,0.08
track_682,Song 682,Artist 33,EDM,131.6,0.83,0.15,0.24
track_683,Song 683,Artist 84,Hip-Hop,72.7,0.55,0.95,1.0
track_684,Song 684,Artist 74,Pop,94.5,0.38,0.49,0.56
track_685,Song 685,Artist 17,EDM,119.2,0.8,0.82,0.14
track_686,Song 686,Artist 6,Rock,129.1,0.73,0.09,0.47
track_687,Song 687,Artist 17,Indie,87.4,0.36,0.55,0.74
track_688,Song 688,Artist 43,Hip-Hop,91.1,0.53,0.63,0.87
track_689,Song 689,Artist 66,Metal,121.9,0.72,0.78,0.17
track_690,Song 690,Artist 29,Pop,107.8,0.44,0.84,0.38
track_691,Song 691,Artist 43,Hip-Hop,115.9,0.42,0.74,0.51
track_692,Song 692,Artist 39,Metal,122.8,0.65,0.27,0.39
track_693,Song 693,Artist 29,Hip-Hop,92.2,0.46,0.79,0.32
track_694,Song 694,Artist 99,Rock,95.7,0.72,0.53,0.32
track_695,Song 695,Artist 75,Jazz,61.4,0.22,0.61,0.35
track_696,Song 696,Artist 82,EDM,104.8,0.81,0.49,0.37
track_697,Song 697,Artist 84,Metal,104.6,0.88,0.95,0.41
track_698,Song 698,Artist 32,Jazz,103.8,0.24,0.2,0.68
track_699,Song 699,Artist 88,Rock,95.9,0.71,0.08,0.32
track_700,Song 700,Artist 33,Metal,111.7,0.55,0.0,0.88
track_701,Song 701,Artist 57,Rock,108.9,0.63,0.86,0.81
track_702,Song 702,Artist 89,Pop,95.9,0.58,0.47,0.85
track_703,Song 703,Artist 15,Rock,129.3,0.7,0.68,0.73
track_704,Song 704,Artist 2,Metal,145.6,0.88,0.7,0.51
track_705,Song 705,Artist 20,Pop,60.0,0.51,0.13,0.21
track_706,Song 706,Artist 29,Pop,94.6,0.54,0.19,0.41
track_707,Song 707,Artist 5,Indie,93.3,0.0,0.62,0.28
track_708,Song 708,Artist 10,Metal,100.3,0.88,0.96,0.0
track_709,Song 709,Artist 58,Pop,97.9,0.78,0.88,0.4
track_710,Song 710,Artist 43,Metal,130.7,0.98,0.1,0.95
track_711,Song 711,Artist 2,Classical,60.0,0.53,0.81,0.12
track_712,Song 712,Artist 24,Jazz,92.4,0.39,0.14,0.4
track_713,Song 713,Artist 19,Hip-Hop,90.9,0.29,0.75,0.74
track_714,Song 714,Artist 25,Classical,97.1,0.15,0.0,0.32
track_715,Song 715,Artist 9,Jazz,60.0,0.32,0.07,0.75
track_716,Song 716,Artist 33,Indie,106.0,0.26,1.0,0.63
track_717,Song 717,Artist 12,Classical,60.0,0.41,0.94,0.28
track_718,Song 718,Artist 58,Metal,156.5,0.71,0.13,0.14
track_719,Song 719,Artist 75,Pop,70.8,0.59,0.55,0.05
track_720,Song 720,Artist 45,Rock,107.0,0.68,0.61,0.27
track_721,Song 721,Artist 51,Rock,89.7,0.75,0.88,0.92
track_722,Song 722,Artist 88,EDM,84.8,0.59,0.59,0.52
track_723,Song 723,Artist 85,EDM,151.6,0.76,0.77,0.63
track_724,Song 724,Artist 71,EDM,98.3,0.75,0.34,0.8
track_725,Song 725,Artist 97,EDM,115.8,0.79,0.73,0.83
track_726,Song 726,Artist 43,Pop,103.4,0.47,0.98,0.54
track_727,Song 727,Artist 32,Rock,79.5,0.74,0.9,0.99
track_728,Song 728,Artist 95,Jazz,60.0,0.19,0.18,0.29
track_729,Song 729,Artist 48,EDM,94.3,0.56,0.12,0.81
track_730,Song 730,Artist 55,Jazz,111.5,0.15,0.26,0.95
track_731,Song 731,Artist 20,Jazz,93.3,0.12,0.58,0.5
track_732,Song 732,Artist 7,Indie,103.2,0.29,0.96,0.2
track_733,Song 733,Artist 48,Classical,89.1,0.31,0.89,0.21
track_734,Song 734,Artist 3,Metal,157.7,0.7,0.17,0.99
track_735,Song 735,Artist 30,Rock,130.1,0.48,0.67,0.7
track_736,Song 736,Artist 4,Jazz,99.9,0.37,0.79,0.07
track_737,Song 737,Artist 58,Jazz,105.0,0.44,0.89,0.15
track_738,Song 738,Artist 63,EDM,127.5,0.61,0.5,0.14
track_739,Song 739,Artist 87,EDM,141.3,0.7,0.34,0.11
track_740,Song 740,Artist 61,Rock,105.6,0.56,0.14,0.33
track_741,Song 741,Artist 95,Rock,130.9,0.84,0.56,0.42
track_742,Song 742,Artist 35,Metal,140.2,0.71,0.88,0.49
track_743,Song 743,Artist 48,Rock,146.1,0.87,0.95,0.1
track_744,Song 744,Artist 6,EDM,126.3,0.58,0.42,0.01
track_745,Song 745,Artist 5,Hip-Hop,73.8,0.53,0.33,0.62
track_746,Song 746,Artist 30,Rock,117.8,0.78,0.54,0.97
track_747,Song 747,Artist 76,Pop,89.1,0.54,0.2,0.26
track_748,Song 748,Artist 78,Jazz,85.6,0.45,0.93,0.0
track_749,Song 749,Artist 38,Jazz,75.6,0.31,0.96,0.15
track_750,Song 750,Artist 64,Classical,89.0,0.37,0.58,0.91
track_751,Song 751,Artist 58,Metal,96.5,0.69,0.75,0.47
track_752,Song 752,Artist 78,Hip-Hop,65.4,0.15,0.1,0.72
track_753,Song 753,Artist 31,Rock,125.3,0.82,0.25,0.42
track_754,Song 754,Artist 86,Indie,60.0,0.34,0.23,0.89
track_755,Song 755,Artist 100,Classical,94.5,0.44,0.29,0.03
track_756,Song 756,Artist 59,Hip-Hop,108.8,0.47,0.52,0.53
track_757,Song 757,Artist 94,Hip-Hop,115.9,0.77,0.27,0.92
track_758,Song 758,Artist 52,Metal,149.0,0.73,0.76,0.98
track_759,Song 759,Artist 27,Metal,106.3,0.86,0.54,0.37
track_760,Song 760,Artist 91,Hip-Hop,60.2,0.78,0.21,0.45
track_761,Song 761,Artist 37,Indie,112.8,0.58,0.02,0.91
track_762,Song 762,Artist 76,Metal,144.7,0.94,0.04,0.45
track_763,Song 763,Artist 6,Metal,109.0,0.77,0.54,0.18
track_764,Song 764,Artist 76,Indie,86.0,0.81,0.88,0.58
track_765,Song 765,Artist 69,Rock,126.7,0.82,0.43,0.67
track_766,Song 766,Artist 95,Jazz,60.0,0.22,0.53,0.97
track_767,Song 767,Artist 28,Indie,60.1,0.38,0.33,0.6
track_768,Song 768,Artist 49,Pop,107.6,0.68,0.52,0.61
track_769,Song 769,Artist 34,EDM,107.7,0.43,0.86,0.38
track_770,Song 770,Artist 11,Jazz,82.9,0.48,0.2,0.89
track_771,Song 771,Artist 80,Indie,65.5,0.23,0.62,0.75
track_772,Song 772,Artist 27,Indie,92.2,0.53,0.3,0.93
track_773,Song 773,Artist 59,Pop,140.1,0.75,0.45,0.72
track_774,Song 774,Artist 58,Jazz,65.4,0.21,0.05,0.15
track_775,Song 775,Artist 47,Metal,107.3,0.72,0.75,0.2
track_776,Song 776,Artist 28,Pop,80.7,0.67,0.71,0.12
track_777,Song 777,Artist 75,Indie,60.0,0.3,0.15,0.76
track_778,Song 778,Artist 24,Classical,60.0,0.45,0.63,0.69
track_779,Song 779,Artist 64,EDM,110.6,0.6,0.53,0.38
track_780,Song 780,Artist 100,Jazz,73.8,0.39,0.37,0.56
track_781,Song 781,Artist 8,Classical,65.0,0.37,0.19,0.17
track_782,Song 782,Artist 46,Pop,117.7,0.77,0.31,0.08
track_783,Song 783,Artist 43,Rock,117.4,0.68,0.22,0.92
track_784,Song 784,Artist 4,Metal,144.2,0.46,0.7,0.38
track_785,Song 785,Artist 94,Jazz,60.0,0.16,0.37,0.67
track_786,Song 786,Artist 77,Pop,104.8,0.62,0.55,0.22
track_787,Song 787,Artist 33,Jazz,60.0,0.39,0.6,0.8
track_788,Song 788,Artist 67,Rock,156.4,0.8,0.11,0.87
track_789,Song 789,Artist 28,Pop,122.7,0.45,0.54,0.26
track_790,Song 790,Artist 38,Indie,80.6,0.24,0.24,0.87
track_791,Song 791,Artist 3,Pop,144.4,0.51,0.38,0.31
track_792,Song 792,Artist 33,Metal,115.9,0.51,0.37,0.2
track_793,Song 793,Artist 91,Jazz,97.0,0.12,0.19,0.96
track_794,Song 794,Artist 78,EDM,104.4,0.33,0.72,0.93
track_795,Song 795,Artist 14,Indie,78.8,0.42,0.51,0.14
track_796,Song 796,Artist 11,Classical,106.3,0.18,0.46,0.9
track_797,Song 797,Artist 44,Metal,90.3,0.53,0.62,0.55
track_798,Song 798,Artist 88,Jazz,76.2,0.46,0.28,0.17
track_799,Song 799,Artist 36,Hip-Hop,75.1,0.69,0.54,0.53
track_800,Song 800,Artist 74,Hip-Hop,69.9,0.72,0.2,0.19
track_801,Song 801,Artist 39,Metal,119.1,0.75,0.63,0.83
track_802,Song 802,Artist 98,Rock,127.6,0.63,0.37,0.25
track_803,Song 803,Artist 45,Rock,117.0,0.84,0.02,0.44
track_804,Song 804,Artist 34,Rock,114.1,0.94,0.65,0.76
track_805,Song 805,Artist 66,Classical,62.5,0.23,0.74,0.91
track_806,Song 806,Artist 51,Hip-Hop,127.6,0.49,0.68,0.95
track_807,Song 807,Artist 69,EDM,144.4,0.74,0.64,0.68
track_808,Song 808,Artist 96,Metal,113.2,0.84,0.16,0.12
track_809,Song 809,Artist 8,Indie,75.2,0.62,0.31,0.12
track_810,Song 810,Artist 44,Hip-Hop,100.1,0.47,0.12,0.03
track_811,Song 811,Artist 18,Classical,112.9,0.25,0.92,0.13
track_812,Song 812,Artist 61,Hip-Hop,104.2,0.61,0.17,0.01
track_813,Song 813,Artist 18,EDM,109.2,0.79,1.0,0.47
track_814,Song 814,Artist 84,Jazz,71.5,0.28,0.37,0.18
track_815,Song 815,Artist 62,Indie,92.2,0.29,0.76,0.2
track_816,Song 816,Artist 2,Classical,60.0,0.17,0.99,0.9
track_817,Song 817,Artist 36,Indie,72.2,0.14,0.42,0.84
track_818,Song 818,Artist 25,Pop,76.7,0.45,0.8,0.37
track_819,Song 819,Artist 1,Hip-Hop,89.0,0.61,0.22,0.36
track_820,Song 820,Artist 35,Jazz,84.2,0.41,0.69,0.85
track_821,Song 821,Artist 12,Metal,130.3,0.74,0.43,0.37
track_822,Song 822,Artist 3,Jazz,69.0,0.21,0.05,0.29
track_823,Song 823,Artist 45,Pop,77.4,0.56,0.81,0.83
track_824,Song 824,Artist 79,Rock,97.6,0.74,0.49,0.03
track_825,Song 825,Artist 3,Hip-Hop,108.1,0.79,0.19,0.58
track_826,Song 826,Artist 62,Classical,79.2,0.46,0.98,0.48
track_827,Song 827,Artist 65,Indie,95.7,0.61,0.12,0.83
track_828,Song 828,Artist 67,Metal,113.0,0.93,0.19,0.98
track_829,Song 829,Artist 14,Hip-Hop,96.8,0.19,0.15,0.0
track_830,Song 830,Artist 5,Hip-Hop,93.2,0.34,0.42,0.21
track_831,Song 831,Artist 57,Metal,116.3,0.84,0.88,0.91
track_832,Song 832,Artist 70,Classical,87.8,0.25,0.6,0.75
track_833,Song 833,Artist 23,Pop,119.6,0.62,0.73,0.84
track_834,Song 834,Artist 63,Jazz,103.8,0.06,0.74,0.21
track_835,Song 835,Artist 96,Classical,108.1,0.24,0.43,0.19
track_836,Song 836,Artist 24,Rock,103.4,0.57,0.08,0.02
track_837,Song 837,Artist 15,Metal,134.4,0.85,0.64,0.11
track_838,Song 838,Artist 71,Rock,133.4,0.86,0.41,0.02
track_839,Song 839,Artist 66,Pop,99.2,0.37,0.63,0.83
track_840,Song 840,Artist 66,Pop,85.3,0.68,0.1,0.41
track_841,Song 841,Artist 17,Classical,60.0,0.28,0.45,0.6
track_842,Song 842,Artist 5,Hip-Hop,102.9,0.41,0.9,0.45
track_843,Song 843,Artist 31,Indie,61.7,0.41,0.68,0.67
track_844,Song 844,Artist 65,Hip-Hop,112.4,0.64,0.02,0.95
track_845,Song 845,Artist 11,Indie,90.7,0.44,0.89,0.91
track_846,Song 846,Artist 66,Indie,60.0,0.27,0.27,0.76
track_847,Song 847,Artist 7,Classical,77.4,0.33,0.67,0.69
track_848,Song 848,Artist 43,Indie,79.0,0.32,0.22,0.78
track_849,Song 849,Artist 26,Hip-Hop,89.2,0.41,0.06,0.1
track_850,Song 850,Artist 26,Hip-Hop,102.3,0.51,0.68,0.07
track_851,Song 851,Artist 51,Indie,109.8,0.15,0.33,0.91
track_852,Song 852,Artist 43,Classical,77.4,0.53,0.8,0.72
track_853,Song 853,Artist 31,Indie,80.5,0.31,0.52,0.84
track_854,Song 854,Artist 47,Pop,90.4,0.6,0.76,0.53
track_855,Song 855,Artist 34,Classical,103.6,0.36,0.64,0.45
track_856,Song 856,Artist 45,Rock,133.7,0.73,0.24,0.99
track_857,Song 857,Artist 76,Indie,113.7,0.22,0.57,0.31
track_858,Song 858,Artist 76,Rock,119.7,0.69,0.38,0.29
track_859,Song 859,Artist 99,Rock,104.0,0.49,0.74,0.67
track_860,Song 860,Artist 29,Pop,117.9,0.51,0.84,0.26
track_861,Song 861,Artist 34,Hip-Hop,90.3,0.46,0.4,0.23
track_862,Song 862,Artist 63,Hip-Hop,87.7,0.47,0.97,0.17
track_863,Song 863,Artist 56,Rock,125.7,0.55,0.62,0.82
track_864,Song 864,Artist 63,Jazz,88.9,0.42,0.43,0.7
track_865,Song 865,Artist 98,Indie,106.9,0.47,0.18,0.22
track_866,Song 866,Artist 50,Indie,60.0,0.18,0.03,0.74
track_867,Song 867,Artist 65,Jazz,60.0,0.23,0.68,0.53
track_868,Song 868,Artist 78,Classical,86.6,0.31,0.34,0.59
track_869,Song 869,Artist 73,EDM,67.3,0.93,0.2,0.63
track_870,Song 870,Artist 85,Rock,143.1,0.75,0.31,0.51
track_871,Song 871,Artist 63,Indie,115.6,0.24,0.22,0.1
track_872,Song 872,Artist 49,Classical,60.0,0.07,0.99,0.79
track_873,Song 873,Artist 77,Jazz,60.0,0.61,0.96,0.31
track_874,Song 874,Artist 91,Indie,65.2,0.27,0.93,0.01
track_875,Song 875,Artist 32,Hip-Hop,110.1,0.31,0.29,0.62
track_876,Song 876,Artist 13,Rock,105.2,0.54,0.56,0.39
track_877,Song 877,Artist 87,Jazz,78.9,0.11,0.44,0.35
track_878,Song 878,Artist 2,EDM,108.2,0.34,0.28,0.3
track_879,Song 879,Artist 44,Indie,81.1,0.18,0.7,0.71
track_880,Song 880,Artist 27,Hip-Hop,101.9,0.82,0.84,0.8
track_881,Song 881,Artist 9,Classical,88.2,0.41,0.11,0.37
track_882,Song 882,Artist 30,Metal,90.8,0.69,0.33,0.72
track_883,Song 883,Artist 21,Metal,130.1,0.7,0.37,0.28
track_884,Song 884,Artist 23,Pop,90.6,0.45,0.54,0.94
track_885,Song 885,Artist 98,Jazz,113.9,0.33,0.79,0.89
track_886,Song 886,Artist 87,Hip-Hop,66.6,0.36,0.02,0.72
track_887,Song 887,Artist 73,Hip-Hop,121.8,0.69,0.32,0.47
track_888,Song 888,Artist 48,Hip-Hop,87.6,0.6,0.86,0.79
track_889,Song 889,Artist 11,Hip-Hop,121.8,0.27,0.92,0.43
track_890,Song 890,Artist 96,Jazz,87.8,0.19,0.26,0.26
track_891,Song 891,Artist 62,Hip-Hop,109.6,0.21,0.94,0.62
track_892,Song 892,Artist 4,Classical,64.8,0.15,0.75,0.58
track_893,Song 893,Artist 31,Indie,82.9,0.3,0.39,0.42
track_894,Song 894,Artist 81,EDM,109.4,0.54,0.85,0.5
track_895,Song 895,Artist 51,Pop,97.3,0.2,0.98,0.54
track_896,Song 896,Artist 68,Hip-Hop,153.5,0.46,0.11,0.6
track_897,Song 897,Artist 81,EDM,136.2,0.63,0.29,0.1
track_898,Song 898,Artist 6,Hip-Hop,96.5,0.52,0.19,0.32
track_899,Song 899,Artist 34,Metal,132.9,0.72,0.02,0.67
track_900,Song 900,Artist 31,Jazz,70.4,0.25,0.34,0.36
track_901,Song 901,Artist 64,Hip-Hop,130.0,0.56,0.66,0.99
track_902,Song 902,Artist 69,Pop,126.6,0.43,0.05,0.85
track_903,Song 903,Artist 71,Hip-Hop,89.1,0.5,0.32,0.39
track_904,Song 904,Artist 53,Classical,106.9,0.33,0.46,0.72
track_905,Song 905,Artist 16,Pop,86.7,0.6,0.24,0.33
track_906,Song 906,Artist 90,Jazz,82.0,0.27,0.67,0.6
track_907,Song 907,Artist 35,EDM,133.3,0.79,0.26,0.75
track_908,Song 908,Artist 96,Rock,124.3,0.91,0.68,0.7
track_909,Song 909,Artist 21,Pop,97.5,0.31,0.87,0.56
track_910,Song 910,Artist 100,Pop,115.5,0.36,0.66,0.97
track_911,Song 911,Artist 41,Hip-Hop,102.1,0.59,0.47,0.7
track_912,Song 912,Artist 96,Classical,105.2,0.44,0.12,0.21
track_913,Song 913,Artist 4,Jazz,76.7,0.37,0.95,0.1
track_914,Song 914,Artist 96,Rock,127.3,0.86,0.11,0.41
track_915,Song 915,Artist 8,Jazz,67.1,0.48,0.59,0.75
track_916,Song 916,Artist 91,Pop,128.8,0.62,0.33,0.6
track_917,Song 917,Artist 99,Classical,61.4,0.46,0.58,0.8
track_918,Song 918,Artist 95,Rock,114.8,0.7,0.29,0.43
track_919,Song 919,Artist 42,Rock,96.3,0.72,0.41,0.62
track_920,Song 920,Artist 53,Indie,60.0,0.34,0.01,0.46
track_921,Song 921,Artist 43,Classical,85.1,0.04,0.9,0.51
track_922,Song 922,Artist 18,Hip-Hop,105.4,0.83,0.75,0.55
track_923,Song 923,Artist 53,Classical,112.2,0.14,0.26,0.48
track_924,Song 924,Artist 70,Metal,114.4,0.54,0.09,0.34
track_925,Song 925,Artist 46,Metal,138.9,0.66,0.12,0.22
track_926,Song 926,Artist 83,Jazz,60.0,0.36,0.15,0.98
track_927,Song 927,Artist 43,Hip-Hop,104.9,0.46,0.87,0.48
track_928,Song 928,Artist 73,Classical,110.0,0.15,0.92,0.29
track_929,Song 929,Artist 36,Rock,116.2,0.39,0.97,0.4
track_930,Song 930,Artist 52,EDM,80.2,0.55,0.27,0.73
track_931,Song 931,Artist 65,Metal,149.5,0.62,0.15,0.82
track_932,Song 932,Artist 59,Jazz,75.5,0.25,0.14,0.84
track_933,Song 933,Artist 64,Indie,60.0,0.4,0.84,0.49
track_934,Song 934,Artist 41,Metal,129.6,0.48,0.72,0.63
track_935,Song 935,Artist 82,Rock,155.4,0.7,0.23,0.36
track_936,Song 936,Artist 64,Classical,60.0,0.31,1.0,0.95
track_937,Song 937,Artist 93,Hip-Hop,101.2,0.43,0.79,0.99
track_938,Song 938,Artist 20,EDM,137.7,0.72,0.57,0.32
track_939,Song 939,Artist 27,EDM,119.6,1.0,0.26,0.34
track_940,Song 940,Artist 76,Classical,67.2,0.18,0.97,0.78
track_941,Song 941,Artist 7,Metal,152.0,0.36,0.48,0.56
track_942,Song 942,Artist 30,Rock,124.2,0.48,0.73,0.61
track_943,Song 943,Artist 14,Hip-Hop,73.0,0.42,0.6,0.41
track_944,Song 944,Artist 58,Metal,102.8,0.96,0.59,0.53
track_945,Song 945,Artist 54,Pop,121.6,0.5,0.11,0.03
track_946,Song 946,Artist 12,EDM,130.6,0.79,0.21,0.54
track_947,Song 947,Artist 50,Pop,91.2,0.48,0.48,0.99
track_948,Song 948,Artist 93,Classical,99.6,0.22,0.44,0.19
track_949,Song 949,Artist 33,Rock,159.5,0.7,0.9,0.86
track_950,Song 950,Artist 34,Jazz,84.9,0.44,0.86,0.93
track_951,Song 951,Artist 88,Jazz,93.7,0.37,0.8,0.38
track_952,Song 952,Artist 66,Rock,159.0,0.56,1.0,0.92
track_953,Song 953,Artist 57,Pop,117.1,0.36,0.49,0.57
track_954,Song 954,Artist 39,EDM,115.2,0.67,0.92,0.76
track_955,Song 955,Artist 17,Indie,78.7,0.54,0.52,0.15
track_956,Song 956,Artist 99,EDM,75.7,0.87,0.41,0.9
track_957,Song 957,Artist 17,Rock,129.4,0.77,0.68,0.32
track_958,Song 958,Artist 73,Indie,60.0,0.38,0.27,0.24
track_959,Song 959,Artist 74,Hip-Hop,109.6,0.54,0.23,0.23
track_960,Song 960,Artist 9,EDM,160.0,1.0,0.16,0.51
track_961,Song 961,Artist 28,EDM,109.0,0.9,0.74,0.41
track_962,Song 962,Artist 38,Metal,102.7,1.0,0.79,0.11
track_963,Song 963,Artist 94,Metal,117.9,0.61,0.77,0.79
track_964,Song 964,Artist 80,Indie,93.6,0.19,0.91,0.61
track_965,Song 965,Artist 1,Jazz,82.3,0.23,0.27,0.96
track_966,Song 966,Artist 58,Rock,150.9,0.76,0.47,0.65
track_967,Song 967,Artist 50,EDM,127.6,0.78,0.33,0.88
track_968,Song 968,Artist 54,Pop,135.2,0.32,0.07,0.9
track_969,Song 969,Artist 100,Indie,111.4,0.0,0.06,0.16
track_970,Song 970,Artist 56,EDM,86.7,0.85,0.34,0.85
track_971,Song 971,Artist 32,Hip-Hop,120.3,0.72,0.5,0.24
track_972,Song 972,Artist 44,Rock,134.0,0.75,0.29,0.34
track_973,Song 973,Artist 71,Metal,110.1,0.69,0.06,0.48
track_974,Song 974,Artist 56,Hip-Hop,104.2,0.56,0.91,0.21
track_975,Song 975,Artist 99,EDM,129.4,0.45,0.98,0.23
track_976,Song 976,Artist 51,Pop,120.0,0.58,0.66,0.89
track_977,Song 977,Artist 38,Classical,80.6,0.19,0.73,0.87
track_978,Song 978,Artist 25,Rock,115.3,0.64,0.12,0.22
track_979,Song 979,Artist 63,EDM,116.7,0.71,0.68,0.99
track_980,Song 980,Artist 10,Classical,102.5,0.19,0.01,0.02
track_981,Song 981,Artist 98,Indie,87.1,0.16,0.25,0.49
track_982,Song 982,Artist 58,Metal,110.7,0.46,0.35,0.01
track_983,Song 983,Artist 94,Jazz,114.0,0.16,0.55,0.59
track_984,Song 984,Artist 37,Hip-Hop,84.7,0.79,0.83,0.01
track_985,Song 985,Artist 68,EDM,93.0,0.74,0.71,0.48
track_986,Song 986,Artist 33,Classical,96.9,0.25,0.94,0.26
track_987,Song 987,Artist 38,Pop,78.3,0.7,0.7,0.93
track_988,Song 988,Artist 57,Pop,109.0,0.36,0.11,0.98
track_989,Song 989,Artist 59,Pop,107.0,0.4,0.32,0.61
track_990,Song 990,Artist 36,Metal,115.4,0.65,0.97,0.71
track_991,Song 991,Artist 97,Hip-Hop,98.4,0.49,0.34,0.17
track_992,Song 992,Artist 46,Indie,62.3,0.14,0.77,0.09
track_993,Song 993,Artist 50,Pop,90.9,0.56,0.53,0.23
track_994,Song 994,Artist 87,EDM,105.7,0.67,0.34,0.62
track_995,Song 995,Artist 53,Pop,97.5,0.53,0.41,0.25
track_996,Song 996,Artist 90,Classical,73.0,0.4,0.39,0.91
track_997,Song 997,Artist 99,Rock,105.4,0.52,0.61,0.93
track_998,Song 998,Artist 61,Rock,179.2,0.78,0.92,0.65
track_999,Song 999,Artist 63,Pop,102.6,0.31,0.01,0.05
